stylo bille ball 432 f vert,,papeterie,,pc,300,300,1,1,,,3620.jpg
stylo bille stick vert  430m-5 pm,,papeterie,,pc,200,200,4370,437,,,3621.jpg
stylo bille stick rouge 430m-2 pm,,papeterie,,pc,200,200,4257,426,,,3622.jpg
crayon noris         120-(0)2b,,papeterie,,pc,250,250,1846,185,,,3625.jpg
pince double clip 51mm,,papeterie,,pc,150,150,142,15,,,3628.jpg
"stylo gel ink pen gp725 . 0,7 rouge",,papeterie,,pc,300,300,40,4,,,3630.jpg
gomme rasoplast,,papeterie,,pc,250,250,3894,390,,,3631.jpg
porte etiquette (clef) noir,,papeterie,,pc,250,250,10,1,,,3632.jpg
stylo ballpoint liner 808 rouge pm,,papeterie,,pc,300,300,1112,112,,,3633.jpg
stylo ballpoint liner 808 vert pm,,papeterie,,pc,300,300,1511,152,,,3634.jpg
"stylo gel ink pen gp725.  0,7 noir",,papeterie,,pc,300,300,111,12,,,3636.jpg
regle plastique 30cm  rp001,,papeterie,,pc,300,300,1,1,,,3637.jpg
stylo bille ball 432 f bleu,,papeterie,,pc,300,300,4664,467,,,3639.jpg
crayon tradition 110 h,,papeterie,,pc,300,300,197,20,,,3641.jpg
noeud adhesif assortis 630 0099,,papeterie,,pc,150,150,153,16,,,3642.jpg
stylo bic bu2 noir        842596,,papeterie,,pc,250,250,25,3,,,3649.jpg
surligneur assortir hy 231802,,papeterie,,pc,250,250,24,3,,,3650.jpg
feutre hi fi vert 215 pointe fine,,papeterie,,pc,250,250,328,33,,,3652.jpg
stylo bille cello orange,,papeterie,,pc,250,250,151,16,,,3653.jpg
stylo bille cello bleu clair,,papeterie,,pc,250,250,225,23,,,3654.jpg
stylo bille cello rose,,papeterie,,pc,250,250,20,2,,,3656.jpg
gomme plastique gm gm003,,papeterie,,pc,250,250,37,4,,,3658.jpg
feutre hi-fi bleu 215 pointe fine,,papeterie,,pc,500,500,356,36,,,3660.jpg
stylo bille reynolds 048 - pointe moyenne - noir,,papeterie,,pc,200,200,708,71,,,3666.jpg
stylo bille reynolds vert pm        048,,papeterie,,pc,200,200,225,23,,,3667.jpg
crayon a papier gilbert hb,,papeterie,,pc,250,250,2,1,,,3668.jpg
pince double clip 32m-m758325-759322,,papeterie,,pc,700,700,7,1,,,3669.jpg
stylo bille reynolds noir pf        045,,papeterie,,pc,200,200,9,1,,,3670.jpg
stylo cristal fine rouge,,papeterie,,pc,200,200,1057,106,,,3671.jpg
stylo bic orange pointe fine noir  1199110114,,papeterie,,pc,100,100,1096,110,,,3674.jpg
stylo bic orange pointe fine rouge 1199110112,,papeterie,,pc,200,200,221,23,,,3676.jpg
stylo bille reynolds rouge pf        045,,papeterie,,pc,200,200,792,80,,,3678.jpg
stylo lexi full speed ball pens rouge,,papeterie,,pc,200,200,595,60,,,3679.jpg
taille crayon plastique 1 trou,,papeterie,,pc,100,100,2442,245,,,3680.jpg
noeud metal adhesif 635 0099,,papeterie,,pc,255,255,396,40,,,3681.jpg
stylo lexi 5 balle rouge,,papeterie,,pc,175,175,488,49,,,3682.jpg
stylo bille reynolds  rouge pm       048,,papeterie,,pc,200,200,221,23,,,3683.jpg
stylo bille cello rouge,,papeterie,,pc,150,150,979,98,,,3684.jpg
stylo bille cello bleu,,papeterie,,pc,150,150,1,1,,,3685.jpg
stylo bille cello noir,,papeterie,,pc,150,150,168,17,,,3686.jpg
stylo bille 1.2 mm noir,,papeterie,,pc,150,150,10,1,,,3687.jpg
stylo bille reynolds noir pf        049,,papeterie,,pc,150,150,315,32,,,3689.jpg
stylo bille schneider pointe moyenne rouge,,papeterie,,pc,150,150,16193,1620,,,3690.jpg
crayon a papier hjiajia,,papeterie,,pc,150,150,564,57,,,3692.jpg
equerre plastique blue rp002,,papeterie,,pc,150,150,12221,1223,,,3693.jpg
crayon a papier 2b jiajia,,papeterie,,pc,150,150,91790,9179,,,3695.jpg
crayon a papier 5b            jiajia,,papeterie,,pc,150,150,121671,12168,,,3696.jpg
crayon a papier 6b            jiajia,,papeterie,,pc,150,150,119092,11910,,,3697.jpg
crayon a papier 3b            jiajia,,papeterie,,pc,150,150,126015,12602,,,3698.jpg
crayon a papier 4b            jiajia,,papeterie,,pc,150,150,125504,12551,,,3699.jpg
crayon a papier bjiajia,,papeterie,,pc,150,150,132375,13238,,,3700.jpg
stylo bille reynolds vert pointe fine        049,,papeterie,,pc,150,150,330,33,,,3701.jpg
crayon a papier evolution 650hb,,papeterie,,pc,110,110,14801,1481,,,3703.jpg
pochette kraft a fenetre 229*324,,papeterie,,pc,100,100,45,5,,,3704.jpg
stylo lexi plastic ball noir,,papeterie,,pc,100,100,46557,4656,,,3705.jpg
stylo bic cristal bleu pointe moyenne      5130,,papeterie,,pc,100,100,101480,10148,,,3710.jpg
stylo lexi plastique ball vert,,papeterie,,pc,100,100,212,22,,,3711.jpg
stylo bic cristal rouge pointe moyenne,,papeterie,,pc,100,100,51392,5140,,,3712.jpg
stylo bic cristal vert pointe moyenne,,papeterie,,pc,100,100,34859,3486,,,3713.jpg
stylo bic cristal noir pointe moyenne         5130,,papeterie,,pc,100,100,12906,1291,,,3714.jpg
stylo lexi plastique ball rouge,,papeterie,,pc,100,100,5963,597,,,3715.jpg
crayon a papier hb bout gomme,,papeterie,,pc,100,100,223624,22363,,,3717.jpg
gomme plastique mm gm002,,papeterie,,pc,100,100,325,33,,,3718.jpg
gomme technic 300 maped       011300,,papeterie,,pc,100,100,6,1,,,3721.jpg
crayon a papier hb,,papeterie,,pc,100,100,836,84,,,3722.jpg
reliure 08 noir,,papeterie,,pc,60,60,24,3,,,3725.jpg
porte mine graphite,,papeterie,,pc,1950,1950,207,21,,,3727.jpg
stylo hybrid gel grip argent,,papeterie,,pc,2150,2150,84,9,,,3731.jpg
stylo bille retratable rouge,,papeterie,,pc,2150,2150,6,1,,,3732.jpg
stylo frixion point 0.5 noir,,papeterie,,pc,2000,2000,36,4,,,3733.jpg
feutre kid visa pointe fine b12,,papeterie,,pc,2350,2350,1565,157,,,3734.jpg
stylo v5 rt bleu,,papeterie,,pc,1900,1900,51,6,,,3737.jpg
stylo g-2 xs pixie 0.7 rouge,,papeterie,,pc,1400,1400,117,12,,,3738.jpg
stylo v-ball rt 07 noir,,papeterie,,pc,1700,1700,63,7,,,3739.jpg
stylo v5 rt noir,,papeterie,,pc,1750,1750,43,5,,,3741.jpg
stylo v7 rt noir,,papeterie,,pc,1750,1750,77,8,,,3744.jpg
taille crayon laiton 2 usages,,papeterie,,pc,300,300,427,43,,,3747.jpg
recharge stylo bille bleu pm jumbo,,papeterie,,pc,1500,1500,6,1,,,3750.jpg
taille crayon conte a paris  5005856,,papeterie,,pc,2000,2000,214,22,,,3751.jpg
stylo v-ball grip 07  noir   bln-vbg7-b,,papeterie,,pc,1550,1550,15,2,,,3760.jpg
stylo v ball 07 noir,,papeterie,,pc,1450,1450,32,4,,,3763.jpg
recharge stylo bic 0.7 537-730 bleu,,papeterie,,pc,1850,1850,1,1,,,3764.jpg
stylo bille noir begreen  07,,papeterie,,pc,1850,1850,38,4,,,3765.jpg
stylo bille begreen rouge  07,,papeterie,,pc,1850,1850,135,14,,,3767.jpg
stylo correcteur    kk18,,papeterie,,pc,1850,1850,1,1,,,3768.jpg
taille crayon metal 2 trous     506900,,papeterie,,pc,1600,1600,12,2,,,3772.jpg
roller gel retractable kl257 rose,,papeterie,,pc,1800,1800,12,2,,,3775.jpg
marker effacable a sec conique vert,,papeterie,,pc,1800,1800,25,3,,,3777.jpg
marker effacable a sec conique noir,,papeterie,,pc,1800,1800,3,1,,,3778.jpg
marker velleda poch 4 pointe biseau,,papeterie,,pc,1800,1800,153,16,,,3779.jpg
roller gel retractable kl257 rouge,,papeterie,,pc,1800,1800,699,70,,,3780.jpg
cartouche d'encre rose  etui 8,,papeterie,,pc,1750,1750,121,13,,,3787.jpg
cartouche d'encre rouge etui 8,,papeterie,,pc,1750,1750,196,20,,,3788.jpg
cartouche d'encre havane  etui 8,,papeterie,,pc,1750,1750,217,22,,,3789.jpg
roller encre jestream sport 1.00mm,,papeterie,,pc,1750,1750,54,6,,,3791.jpg
colle flacon 125gr blanc,,papeterie,,pc,2150,2150,49,5,,,3794.jpg
recharge rollerbal,,papeterie,,pc,1700,1700,97,10,,,3795.jpg
recharge v7 rt bleu,,papeterie,,pc,1650,1650,92,10,,,3798.jpg
recharge v5 rt noir,,papeterie,,pc,1650,1650,199,20,,,3799.jpg
recharge v5 rt bleu,,papeterie,,pc,1650,1650,105,11,,,3800.jpg
recharge v7 rt noir,,papeterie,,pc,1650,1650,115,12,,,3801.jpg
porte mine rexgrip 0.5 rouge begreen,,papeterie,,pc,1600,1600,1,1,,,3808.jpg
craie plastidecor ass etui 12,,papeterie,,pc,1500,1500,5357,536,,,3809.jpg
cartouche d'encre recharg bleu v5 7 set 3,,papeterie,,pc,1600,1600,54,6,,,3810.jpg
cartouche d'encre recharg  noir v5 7 set 3,,papeterie,,pc,1600,1600,110,11,,,3811.jpg
stylo acroball clip plast fin noir begreen,,papeterie,,pc,1150,1150,30,3,,,3812.jpg
porte mine super grip 0.5 noir,,papeterie,,pc,1300,1300,2,1,,,3827.jpg
stylo bille rexgrip extra large bleu bergreen,,papeterie,,pc,1500,1500,5,1,,,3828.jpg
stylo bille rexgrip extra large noir bergreen,,papeterie,,pc,1500,1500,135,14,,,3829.jpg
stylo bille rexgrip fin rouge bergreen,,papeterie,,pc,1500,1500,129,13,,,3830.jpg
rech stylo sesy orginal pastel,,papeterie,,pc,1500,1500,216,22,,,3831.jpg
stylo bille g-1 grip 07 noir,,papeterie,,pc,1500,1500,12,2,,,3832.jpg
stylo bille rexgrip fin noir bergreen,,papeterie,,pc,1500,1500,165,17,,,3833.jpg
porte mine super grip 07 bleu,,papeterie,,pc,1300,1300,2,1,,,3836.jpg
stylo bille g-1 grip 07 rouge,,papeterie,,pc,1100,1100,85,9,,,3839.jpg
stylo bille vicuna bleu clair,,papeterie,,pc,1550,1550,6,1,,,3841.jpg
stylo bille vicuna orange,,papeterie,,pc,1450,1450,6,1,,,3842.jpg
stylo bille vicuna rose,,papeterie,,pc,1550,1550,23,3,,,3843.jpg
stylo bille vicuna vert,,papeterie,,pc,1450,1450,5,1,,,3844.jpg
stylo bille vicuna rouge,,papeterie,,pc,1450,1450,10,1,,,3845.jpg
stylo bille super grip noir,,papeterie,,pc,1050,1050,97,10,,,3846.jpg
stylo bille super grip pointe moyenne rouge,,papeterie,,pc,1050,1050,11,2,,,3847.jpg
stylo supergrip xs pixie rouge,,papeterie,,pc,1450,1450,95,10,,,3848.jpg
stylo supergrip xs pixie moyen noir,,papeterie,,pc,1450,1450,197,20,,,3849.jpg
surligneur stylo lines fluo s*s assortis,,papeterie,,pc,1400,1400,5,1,,,3851.jpg
stylo bille permaball moyen noir  bl-pb-m-b,,papeterie,,pc,1650,1650,87,9,,,3852.jpg
cartouche encre quink bleu royal etui 5,,papeterie,,pc,1370,1370,1119,112,,,3857.jpg
stylo roller retractable vicuna assortis,,papeterie,,pc,1300,1300,7,1,,,3862.jpg
stylo bps-gp moyen rouge,,papeterie,,pc,1300,1300,8,1,,,3863.jpg
stylo bps-gp moyen noir,,papeterie,,pc,1050,1050,142,15,,,3864.jpg
set correction classic,,papeterie,,pc,1000,1000,170,17,,,3865.jpg
stylo bille encre gel g1-5  bleu   bl-g1-5t-l-ff,,papeterie,,pc,1000,1000,1,1,,,3868.jpg
stylo bille encre gel g1-7  noir   bl-g1-7t-b-ff,,papeterie,,pc,1050,1050,41,5,,,3869.jpg
stylo bille encre gel g1-7  bleu   bl-g1-7t-l-ff,,papeterie,,pc,1000,1000,12,2,,,3870.jpg
stylo bille encre gel g1-5  noir   bl-g1-5t-b-ff,,papeterie,,pc,1050,1050,43,5,,,3871.jpg
feutre sign pentel orange,,papeterie,,pc,1200,1200,7,1,,,3883.jpg
craie pastel huile noris club  etui 12,,papeterie,,pc,1000,1000,73,8,,,3888.jpg
colle stylo transparent,,papeterie,,pc,1300,1300,1,1,,,3889.jpg
stylo bille gel atlantis premium noir,,papeterie,,pc,1200,1200,1,1,,,3890.jpg
bolduc oeuf ruban imprime,,papeterie,,pc,1200,1200,17,2,,,3894.jpg
cartouche d'encre bleu-nuit mini  etui 6,,papeterie,,pc,1850,1850,1,1,,,3899.jpg
stylo fineliner bleu,,papeterie,,pc,1000,1000,14,2,,,3902.jpg
correcteur tape  7220,,papeterie,,pc,1100,1100,24,3,,,3903.jpg
stylo bille click b2p begreen 1.0mm noir,,papeterie,,pc,1090,1090,21,3,,,3905.jpg
exact tip rouge         801218,,papeterie,,pc,1060,1060,8,1,,,3909.jpg
stylo roller energel rouge,,papeterie,,pc,1050,1050,9,1,,,3912.jpg
rech bls -g2 10 bleu,,papeterie,,pc,1200,1200,18,2,,,3913.jpg
recharge bls -g2 10 noir,,papeterie,,pc,1200,1200,57,6,,,3914.jpg
stylo roller energel violet,,papeterie,,pc,1150,1150,2,1,,,3917.jpg
recharge stylo bille phd ultra bleu  s0193445,,papeterie,,pc,1000,1000,93,10,,,3922.jpg
marker permanent vert pointe biseaute 221.,,papeterie,,pc,700,700,806,81,,,3929.jpg
marker permanent rouge  pointe biseaute 2211026,,papeterie,,pc,700,700,244,25,,,3930.jpg
feutre ball pentel rouge,,papeterie,,pc,950,950,53,6,,,3933.jpg
feutre ball pentel bleu.,,papeterie,,pc,750,750,246,25,,,35629.jpg
feutre sign pen.noir,,papeterie,,pc,1300,1300,8,1,,,3935.jpg
feutre sign pen.rouge,,papeterie,,pc,1300,1300,79,8,,,3936.jpg
gomme balai      ref 52661,,papeterie,,pc,800,800,115,12,,,3937.jpg
feutre sign pen.vert,,papeterie,,pc,1100,1100,105,11,,,3938.jpg
feutre sign pen.bleu,,papeterie,,pc,1300,1300,12,2,,,3939.jpg
marker permanent stabilo vert pointe biseau,,papeterie,,pc,950,950,73,8,,,3940.jpg
feutre lumoc 1.0mm bleu  317-3 permanent pm,,papeterie,,pc,900,900,162,17,,,3945.jpg
feutre lumoc 1.0mm noir  317-9 permanent pm,,papeterie,,pc,900,900,54,6,,,3946.jpg
marker velleda noir  pointe biseau,,papeterie,,pc,600,600,2062,207,,,3948.jpg
marker velleda bleu  pointe biseau,,papeterie,,pc,600,600,3350,335,,,3949.jpg
marker velleda rouge1199175103 pointe biseau,,papeterie,,pc,950,950,1,1,,,3950.jpg
marker velleda rouge pointe biseau,,papeterie,,pc,600,600,1228,123,,,3951.jpg
marker velleda vert pointe biseau,,papeterie,,pc,600,600,737,74,,,3952.jpg
feutre ball pentel vert.   r56,,papeterie,,pc,950,950,4065,407,,,3956.jpg
porte mine + gomme,,papeterie,,pc,875,875,6,1,,,3957.jpg
porte mine + gomme,,papeterie,,pc,850,850,403,41,,,3958.jpg
marker effacable a sec schneider rouge,,papeterie,,pc,850,850,22,3,,,3959.jpg
marker effacable a sec schneider vert,,papeterie,,pc,850,850,108,11,,,3960.jpg
recharge acroball moyen bleu,,papeterie,,pc,850,850,184,19,,,3965.jpg
recharge acroball moyen noir,,papeterie,,pc,850,850,253,26,,,3966.jpg
marker effacable a sec schneider noir,,papeterie,,pc,850,850,25,3,,,3967.jpg
marker effacable a sec schneider bleu,,papeterie,,pc,850,850,33,4,,,3969.jpg
marker velleda noir 1199175109 pointe biseau,,papeterie,,pc,950,950,48,5,,,3976.jpg
marker velleda bleu 1199175106 pointe biseau 1751,,papeterie,,pc,800,800,3,1,,,3977.jpg
marker velleda pointe biseau vert,,papeterie,,pc,850,850,39,4,,,3978.jpg
marker velleda vert 1199175102 pointe biseau,,papeterie,,pc,950,950,432,44,,,3979.jpg
crayon de couleur long 7cm etui 12  ax-educ,,papeterie,,pc,500,500,5128,513,,,3981.jpg
stylo supergel 07 rouge begreen,,papeterie,,pc,550,550,2,1,,,3989.jpg
gourde       s-112,,papeterie,,pc,750,750,6,1,,,3990.jpg
marker permanent vert pointe biseau    350-5,,papeterie,,pc,500,500,282,29,,,3992.jpg
recharge rfjs-gp pointe moyenne noir,,papeterie,,pc,750,750,333,34,,,3994.jpg
recharge rfjs-gp pointe moyenne bleu,,papeterie,,pc,750,750,151,16,,,3995.jpg
recharge rfj-gp pointe moyenne bleu,,papeterie,,pc,750,750,241,25,,,3996.jpg
recharge rfj-gp pointe moyenne noir,,papeterie,,pc,750,750,261,27,,,3997.jpg
marker permanent rouge        352-3 pointe ogive,,papeterie,,pc,450,450,759,76,,,3999.jpg
pince 'spring' clip 107mm,,papeterie,,pc,730,730,2,1,,,4001.jpg
surligneur stabilo-boss vert,,papeterie,,pc,600,600,578,58,,,4005.jpg
surligneur topstar orange    pointe biseaute 364-4,,papeterie,,pc,400,400,489,49,,,4008.jpg
surligneur topstar bleu         pointe biseaute 364-3,,papeterie,,pc,400,400,408,41,,,4009.jpg
marker permanent pointe biseau a8 vert,,papeterie,,pc,800,800,38,4,,,4010.jpg
surligneur topstar rose        pointe biseaute 364-23,,papeterie,,pc,500,500,3,1,,,4011.jpg
surligneur topstar jaune       pointe biseaute 364-1,,papeterie,,pc,450,450,1547,155,,,4012.jpg
surligneur topstar vert         pointe biseaute 364-5,,papeterie,,pc,400,400,615,62,,,4013.jpg
surligneur topstar rouge      pointe biseaute 364-2,,papeterie,,pc,500,500,20,2,,,4015.jpg
surligneur stabilo-boss rose,,papeterie,,pc,600,600,183,19,,,4016.jpg
feuille film polyester a3,,papeterie,,pc,700,700,3191,320,,,4017.jpg
feutre schneider topwriter 147 bleu,,papeterie,,pc,750,750,1,1,,,4021.jpg
feutre schneider topwriter  147 noir,,papeterie,,pc,750,750,1,1,,,4022.jpg
surligneur briteliner grip   jaune          811935,,papeterie,,pc,650,650,56,6,,,4031.jpg
surligneur briteliner grip   vert          811932,,papeterie,,pc,650,650,183,19,,,4032.jpg
surligneur briteliner grip   rose          811934,,papeterie,,pc,650,650,185,19,,,4034.jpg
surligneur briteliner text rose     857611,,papeterie,,pc,650,650,254,26,,,4035.jpg
surligneur briteliner text vert     857609,,papeterie,,pc,650,650,207,21,,,4036.jpg
stylo bic cristal assortis bvrn blister 4,,papeterie,,pc,400,400,54,6,,,4038.jpg
taille crayon plastique  a reservoir 2 trous gm ass  ty002,,papeterie,,pc,650,650,11109,1111,,,4040.jpg
carte cote d'ivoire,,papeterie,,pc,550,550,31,4,,,4045.jpg
badge a clip 90mm*54mm bleu,,papeterie,,pc,600,600,5214,522,,,4047.jpg
"stylo ball pointe 0,7m-m",,papeterie,,pc,600,600,60,6,,,4049.jpg
surligneur pointe biseau rose,,papeterie,,pc,650,650,1,1,,,4054.jpg
badge a corde 85*53mm           5744,,papeterie,,pc,600,600,2,1,,,4055.jpg
stylo correcteur mini,,papeterie,,pc,650,650,95,10,,,4059.jpg
ciseaux swing ecolier 13cm lames inox,,papeterie,,pc,350,350,167,17,,,4060.jpg
"mines 0,7mm hb etui 12",,papeterie,,pc,570,570,59,6,,,4064.jpg
"mine 0,5m-m h etui",,papeterie,,pc,570,570,1542,155,,,4065.jpg
"etui  mines 0,5mm 2b",,papeterie,,pc,565,565,3058,306,,,4066.jpg
crayon mars100-5b,,papeterie,,pc,600,600,175,18,,,4071.jpg
crayon mars100-hb,,papeterie,,pc,600,600,439,44,,,4073.jpg
crayon mars 100-b,,papeterie,,pc,600,600,443,45,,,4074.jpg
feuille touch 50*65 355 grs  bleu indigo,,papeterie,,pc,3700,3700,7,1,,,4075.jpg
feuille touch 50*65 355 grs mar cachou,,papeterie,,pc,3700,3700,4,1,,,4076.jpg
feuille touch 50*65 355 grs bleu clair,,papeterie,,pc,3700,3700,6,1,,,4079.jpg
feuille touch 50*65 355 grs gris ciel,,papeterie,,pc,3700,3700,10,1,,,4080.jpg
tableau mural simple vert 120*300cm,,papeterie,,pc,895950,895950,1,1,,,4082.jpg
sac a dos pure sound moyen,,papeterie,,pc,22000,22000,2,1,,,4096.jpg
sac a dos gm mtc,,papeterie,,pc,15000,15000,2,1,,,4099.jpg
sac born olivi mari 2 compartiments,,papeterie,,pc,45880,45880,8,1,,,4102.jpg
colle uhu stick 21g baton,,papeterie,,pc,1350,1350,447,45,,,4104.jpg
mouchoirs fiesta boite 200,,papeterie,,pc,1000,1000,618,62,,,4111.jpg
protege cahier 17*22 incolore 201110-17,,papeterie,,pc,300,300,644,65,,,4112.jpg
protege cahier 17*22 violet,,papeterie,,pc,130,130,705,71,,,4113.jpg
ardoise bois osalide,,papeterie,,pc,350,350,837,84,,,4115.jpg
sac hello kitty toile,,papeterie,,pc,13500,13500,1,1,,,4126.jpg
sac en toile,,papeterie,,pc,13500,13500,2,1,,,4128.jpg
sac a dos xinyi,,papeterie,,pc,20000,20000,7,1,,,4131.jpg
sac born psssy tart 2 compartiments assorti,,papeterie,,pc,42150,42150,4,1,,,4136.jpg
trousse - fourre tout addict,,papeterie,,pc,7750,7750,29,3,,,4141.jpg
trousse - fourre tout plat glam's,,papeterie,,pc,5580,5580,5,1,,,4142.jpg
trousse - fourre tout juco assorti,,papeterie,,pc,2000,2000,1,1,,,4144.jpg
trousse - fourre tout colors rayures assortis,,papeterie,,pc,3600,3600,2,1,,,4146.jpg
trousse - fourre tout forme crocodile assortie,,papeterie,,pc,5400,5400,1,1,,,4147.jpg
trousse - fourre tout cuir vif,,papeterie,,pc,3000,3000,14,2,,,4148.jpg
trousse - fourre tout cuir pompon assorti,,papeterie,,pc,7200,7200,10,1,,,4149.jpg
fourretout promo modele assortie,,papeterie,,pc,3600,3600,1,1,,,4150.jpg
trousse - fourre tout cuir assorti,,papeterie,,pc,3000,3000,1,1,,,4151.jpg
ciseaux ecolier 12cm,,papeterie,,pc,530,530,22,3,,,4152.jpg
recharge tampon shiny bleu,,papeterie,,pc,1800,1800,187,19,,,4155.jpg
recharge tampon shiny noir,,papeterie,,pc,1650,1650,187,19,,,4156.jpg
recharge tampon shiny bleu,,papeterie,,pc,1800,1800,489,49,,,4157.jpg
recharge tampon 62*31 shiny rouge,,papeterie,,pc,1650,1650,44,5,,,4158.jpg
numeroteur a bande 6mm,,papeterie,,pc,1800,1800,80,8,,,4159.jpg
badge id porte-cartes de verticales 5 pieces bleu faux cuir pour le personnel,,papeterie,,pc,1600,1600,171,18,,,4167.jpg
bolducs bobine lisse 500mx7mm choco,,papeterie,,pc,3000,3000,7,1,,,4174.jpg
bolducs bobine lisse 500mx7mm rose,,papeterie,,pc,3000,3000,7,1,,,4175.jpg
clairefontaine bolduc bobine lisse 500mx7mm lilas,,papeterie,,pc,3000,3000,4,1,,,4176.jpg
bolducs bobine lisse 500mx7mm violet,,papeterie,,pc,3400,3400,2,1,,,4177.jpg
bolducs bobine mat 250mx10mm vert c,,papeterie,,pc,7800,7800,1,1,,,4179.jpg
bolducs bobine metallisee 250mx10mm jade,,papeterie,,pc,7800,7800,3,1,,,4180.jpg
bolducs bobine metallisee 250mx10mm,,papeterie,,pc,7800,7800,5,1,,,4182.jpg
bolducs bobine metallisee 250mx10mm bordeau,,papeterie,,pc,7800,7800,3,1,,,4183.jpg
bolducs bobine metallisee 250mx10mm jaune,,papeterie,,pc,7800,7800,1,1,,,4185.jpg
bolduc bobine metallisee 250mx7 violet,,papeterie,,pc,5000,5000,19,2,,,4186.jpg
ficelle bobine polypro 220m,,papeterie,,pc,3150,3150,6,1,,,4189.jpg
fiche bristol blanche a4 q5,,papeterie,,pc,4700,4700,849,85,,,4191.jpg
etui de 100 fiches bristol - blanc uni non perfore 105x148mm,,papeterie,,pc,1750,1750,8,1,,,4203.jpg
fiche bristol blanc 75*125 uni etui 100,,papeterie,,pc,1150,1150,9,1,,,4205.jpg
rouleaux cadeau alliance 50x0.70 patchhwork sapi,,papeterie,,pc,22050,22050,1,1,,,4209.jpg
rouleaux cadeau nature 50x0.70 assorti noel 5,,papeterie,,pc,29400,29400,6,1,,,4210.jpg
rouleaux cadeau excellia 80g 50x0.70m pios blc fond,,papeterie,,pc,24550,24550,1,1,,,4211.jpg
crayon de couleur peps etui 15,,papeterie,,pc,3850,3850,11,2,,,4218.jpg
craie couleur etui 10 color+,,papeterie,,pc,750,750,160,16,,,4219.jpg
rouleaux soie 20g 50*500 rose,,papeterie,,pc,2000,2000,1,1,,,4223.jpg
crayon de couleur aquarellable boite 12,,papeterie,,pc,3100,3100,109,11,,,4226.jpg
crayon de couleur peps boite 12,,papeterie,,pc,3600,3600,727,73,,,4228.jpg
rouleaux kraft 64g 68*300 violet,,papeterie,,pc,1700,1700,3,1,,,4229.jpg
rouleaux kraft 64g 68*300 bleu,,papeterie,,pc,1650,1650,8,1,,,4231.jpg
rouleaux canson 68*300 kraft noir 65g,,papeterie,,pc,1650,1650,54,6,,,4235.jpg
pochette kraft radio 375*450 120g,,papeterie,,pc,200,200,181,19,,,4237.jpg
compas reversible nick,,papeterie,,pc,3000,3000,47,5,,,4240.jpg
etiquette blanche jet d encre laser copy 105*42.4 boite,,papeterie,,pc,60650,60650,10,1,,,4241.jpg
etiquette blanche adhesive 70*16.9,,papeterie,,pc,7000,7000,6,1,,,4243.jpg
attache geante 47*53 boite 50,,papeterie,,pc,4200,4200,15,2,,,4249.jpg
pinceau aquarelle n 14 poney,,papeterie,,pc,700,700,87,9,,,4250.jpg
regle plate 30cm lustran,,papeterie,,pc,400,400,1,1,,,4251.jpg
attache geante 47*60 boite 50,,papeterie,,pc,4400,4400,53,6,,,4252.jpg
aimant magnets assortis  etui 8,,papeterie,,pc,8500,8500,2,1,,,4254.jpg
recharge trodat 4911 bleu,,papeterie,,pc,5000,5000,20,2,,,4255.jpg
mouchoirs fiesta - papyrus boite 100,,papeterie,,pc,500,500,663,67,,,4259.jpg
ote agrafe pince,,papeterie,,pc,1900,1900,62,7,,,4263.jpg
couverture delta cuir blanc 250g,,papeterie,,pc,100,100,7180,718,,,4267.jpg
carnet repert int.a4 180p q5*5 90g    8149c,,papeterie,,pc,5800,5800,15,2,,,4269.jpg
carnet piq 110*170 96p q5 90g,,papeterie,,pc,1200,1200,70,7,,,4271.jpg
compas plastique crayon bois,,papeterie,,pc,1000,1000,221,23,,,4272.jpg
rouleau papier alliance 50*0.70   211201c,,papeterie,,pc,11500,11500,56,6,,,4275.jpg
compas plastique,,papeterie,,pc,800,800,50782,5079,,,4276.jpg
rouleau carton ondule maxi 2m*0.70 orange,,papeterie,,pc,6500,6500,1,1,,,4279.jpg
gomme plastique office,,papeterie,,pc,350,350,243,25,,,4278.jpg
pate a modeler 450g noir,,papeterie,,pc,1900,1900,13,2,,,4281.jpg
rouleau carton ondule maxi 2m*0.70 vert pre,,papeterie,,pc,6500,6500,1,1,,,4285.jpg
rouleau carton ondule maxi 2m*0.70 bleu ciel,,papeterie,,pc,6500,6500,2,1,,,4287.jpg
rouleau carton ondule maxi 2m*0.70 bleu marin,,papeterie,,pc,6500,6500,3,1,,,4288.jpg
rouleau carton ondule maxi 2m*0.70 noir,,papeterie,,pc,6500,6500,3,1,,,4291.jpg
rouleau premium rouge 95891 95892 95895 95899c,,papeterie,,pc,3000,3000,38,4,,,4297.jpg
rouleau carton ondule 50*700. 300g,,papeterie,,pc,2500,2500,1,1,,,4299.jpg
rouleau carton ondule 50*700 rouge,,papeterie,,pc,2050,2050,1,1,,,4304.jpg
crayon bicolore bleu rouge,,papeterie,,pc,1100,1100,213,22,,,4307.jpg
rouleau carton ondule 50*700 noir 300g,,papeterie,,pc,2050,2050,4,1,,,4314.jpg
pate a modeler rouge 450g,,papeterie,,pc,1900,1900,29,3,,,4315.jpg
rouleau carton ondule 50*700. 300g kraft,,papeterie,,pc,2050,2050,1,1,,,4316.jpg
ensemble isograph pen st  (4),,papeterie,,pc,69900,69900,1,1,,,4322.jpg
rouleau papier soie assort,,papeterie,,pc,1500,1500,24,3,,,4323.jpg
rouleau papier cadeau alliance 2*0.7m ass   211399c,,papeterie,,pc,1000,1000,16,2,,,4333.jpg
pastel durs 24 couleurs assorties,,papeterie,,pc,28550,28550,6,1,,,4342.jpg
crayon pastel boite metal conte,,papeterie,,pc,41300,41300,6,1,,,4344.jpg
crayon de couleur karat aquarelle boite 36,,papeterie,,pc,25000,25000,43,5,,,4346.jpg
album photo mt+calque bleu 20f 27*28. 0917-504,,papeterie,,pc,26500,26500,37,4,,,4348.jpg
compas balustre laiton coffret 028025,,papeterie,,pc,11850,11850,40,4,,,4358.jpg
carnet spir.9*14 100p q5*5 70g  nf7 74c,,papeterie,,pc,600,600,381,39,,,4365.jpg
porte post it note a5,,papeterie,,pc,13300,13300,7,1,,,4366.jpg
machine a tailleler bleu   501 20-3,,papeterie,,pc,12750,12750,7,1,,,4367.jpg
etiq jaune 26*16 rl1500,,papeterie,,pc,1600,1600,8,1,,,4374.jpg
album photo mt+calque rose 20f 27*28. 0917-503,,papeterie,,pc,17500,17500,16,2,,,4375.jpg
craie blanche bte 100,,papeterie,,pc,1000,1000,530,53,,,4376.jpg
sac transparent kits scolaire,,papeterie,,pc,750,750,9024,903,,,4380.jpg
feutres pinceaux aquabrush duo lyra etui 12,,papeterie,,pc,13000,13000,13,2,,,4381.jpg
protege cahier 17*22 bleu sms,,papeterie,,pc,275,275,1037,104,,,4384.jpg
protege cahier 17*22 vert sms,,papeterie,,pc,275,275,1082,109,,,4385.jpg
crayon de couleur groove slim lyra triang + taille crayon etui 36,,papeterie,,pc,15000,15000,9,1,,,4386.jpg
protege cahier 17*22 bleu turquoise sms,,papeterie,,pc,275,275,1173,118,,,4387.jpg
protege cahier 17*22 rose sms,,papeterie,,pc,275,275,1179,118,,,4389.jpg
protege cahier 17*22 vert fonce,,papeterie,,pc,100,100,1320,132,,,4392.jpg
protege cahier 17*22 vert fonce,,papeterie,,pc,100,100,3348,335,,,4394.jpg
feutre dessin boite 20 metal,,papeterie,,pc,15000,15000,16,2,,,4395.jpg
agrafes 23-24 boite,,papeterie,,pc,3000,3000,28,3,,,4398.jpg
compas technique 552 02,,papeterie,,pc,14750,14750,1,1,,,4399.jpg
agrafes swingline boite 1000  4mm,,papeterie,,pc,740,740,26,3,,,4400.jpg
rouleau havane 48mm*50m,,papeterie,,pc,700,700,66,7,,,4402.jpg
compas balustre 8 pieces   350805,,papeterie,,pc,10000,10000,4,1,,,4403.jpg
compas convex a vis 400,,papeterie,,pc,14500,14500,1,1,,,4405.jpg
agrafes n 10 galvanisees boite 1000,,papeterie,,pc,200,200,50271,5028,,,4406.jpg
agrafe bostich sp 6mm 1-4.boite 5000,,papeterie,,pc,2000,2000,38,4,,,4408.jpg
gouache flacon 250ml,,papeterie,,pc,12130,12130,7,1,,,4411.jpg
agrafeuse eurosuper 6 vernicialia 4 colori,,papeterie,,pc,10800,10800,1,1,,,4414.jpg
compas technique 551 01,,papeterie,,pc,13000,13000,2,1,,,4415.jpg
liquitex hb 138 ml bleu ceruleum 922653,,papeterie,,pc,11650,11650,1,1,,,4418.jpg
ote agrafes pince,,papeterie,,pc,12800,12800,22,3,,,4425.jpg
compas set 6 pieces  s0676560,,papeterie,,pc,7500,7500,1,1,,,4426.jpg
crayon pastel boite metal conte boite 12,,papeterie,,pc,10750,10750,82,9,,,4428.jpg
agrafeuse b5 assorties,,papeterie,,pc,14550,14550,12,2,,,4433.jpg
agrafeuse b4 assorti,,papeterie,,pc,11800,11800,33,4,,,4434.jpg
boussole orientation 60*128 mm-l 170125,,papeterie,,pc,6200,6200,119,12,,,4435.jpg
rouleau toile multi usages 25m*50mm noir,,papeterie,,pc,10275,10275,27,3,,,4436.jpg
gabarit de dessin rotring s0232590,,papeterie,,pc,9500,9500,12,2,,,4437.jpg
agrafeuse beasti mini assortie blister,,papeterie,,pc,3100,3100,1,1,,,4438.jpg
crayon de couleur groove slim lyra triang + taille crayon etui 24,,papeterie,,pc,7500,7500,69,7,,,4439.jpg
crayon de couleur gaucher etui 12,,papeterie,,pc,9350,9350,7,1,,,4442.jpg
agrafe zenith 130-z 6-6 boite 1000,,papeterie,,pc,1700,1700,374,38,,,4443.jpg
boussole randonnee d-54mm couvercle 170045,,papeterie,,pc,4700,4700,84,9,,,4447.jpg
agrafeuse fm20 24-26-6,,papeterie,,pc,6500,6500,1,1,,,4448.jpg
agrafeuse supreme s21 super fc,,papeterie,,pc,14100,14100,2,1,,,4451.jpg
agrafe jaky 08 boite 1000,,papeterie,,pc,1300,1300,14,2,,,4453.jpg
rouleau adhesif blanc 48*100,,papeterie,,pc,1200,1200,234,24,,,4458.jpg
agrafes swingline tot50 boite 1000,,papeterie,,pc,500,500,3,1,,,4465.jpg
agrafeuse novus chromo b35a,,papeterie,,pc,23500,23500,30,3,,,4466.jpg
huile lefranc 40ml or,,papeterie,,pc,7500,7500,12,2,,,4471.jpg
agrafeuse novus rouge b4fc ( 24-6-26-6),,papeterie,,pc,22700,22700,1,1,,,4472.jpg
gouache en poudre magenta 1 kilo,,papeterie,,pc,7250,7250,1,1,,,4482.jpg
agrafeuse novus (24-6- 26-6) vert,,papeterie,,pc,15000,15000,1,1,,,4480.jpg
kit dessin canson 239*25 jaune,,papeterie,,pc,6500,6500,1,1,,,4489.jpg
gouache 12 pastille  couleurs assorties,,papeterie,,pc,6300,6300,1304,131,,,4490.jpg
planche etiquetteuette armoir bleu,,papeterie,,pc,730,730,20,2,,,4491.jpg
stylo stabilo easy pastel (pop),,papeterie,,pc,6000,6000,102,11,,,4496.jpg
agrafe 23-17 boite 1000,,papeterie,,pc,1950,1950,12,2,,,4499.jpg
agrafe 23-15 boite 1000    110022,,papeterie,,pc,1900,1900,33,4,,,4501.jpg
agrafe 23-12 boite 1000,,papeterie,,pc,1500,1500,54,6,,,4502.jpg
trace lettre            306070,,papeterie,,pc,4500,4500,99,10,,,4504.jpg
peinture acrylique jaune primaire 534002,,papeterie,,pc,3200,3200,1,1,,,4505.jpg
compas compact universelle 480,,papeterie,,pc,4500,4500,6,1,,,4506.jpg
agrafe 23-20 boite 1000    110029,,papeterie,,pc,1700,1700,241,25,,,4507.jpg
calque a4 90-95g bloc,,papeterie,,pc,3900,3900,12,2,,,4508.jpg
agrafe 23-10 boite 1000    110009,,papeterie,,pc,1450,1450,127,13,,,4509.jpg
te hetre verni - tete fixe 60cm,,papeterie,,pc,6300,6300,26,3,,,4513.jpg
agrafe jaky 06 boite 1000,,papeterie,,pc,750,750,42,5,,,4518.jpg
agrafe 7-45  boite 2000,,papeterie,,pc,750,750,7,1,,,4524.jpg
pochette dessin c a grain 224gr a3,,papeterie,,pc,7300,7300,10,1,,,4527.jpg
acrylique fine 60ml jaune primaire,,papeterie,,pc,5000,5000,16,2,,,4533.jpg
agrafeuse primula 8    0011002,,papeterie,,pc,6500,6500,5,1,,,4534.jpg
acrylique fine 60ml rouge vermillon,,papeterie,,pc,5000,5000,3,1,,,4537.jpg
gouache 12 pastille 10mm+pinceau,,papeterie,,pc,4300,4300,125,13,,,4540.jpg
agrafe punti s17 maestri boite 1000.  1005418,,papeterie,,pc,1250,1250,5,1,,,4543.jpg
gouache flacon 45ml,,papeterie,,pc,4850,4850,4,1,,,4544.jpg
ote agrafes pince          095001,,papeterie,,pc,1850,1850,8,1,,,4545.jpg
tablier protection enfant ( 3-5 ans),,papeterie,,pc,3350,3350,49,5,,,4546.jpg
agrafes mercury rexel boite 2500.   2100928,,papeterie,,pc,7300,7300,190,19,,,4547.jpg
pochette dessin c a grain 180gr a3,,papeterie,,pc,6100,6100,1,1,,,4548.jpg
crayon de couleur etui 12,,papeterie,,pc,5000,5000,1,1,,,4551.jpg
agrafeuse expert pince uni 6-4. 442110,,papeterie,,pc,12200,12200,49,5,,,4552.jpg
bristol art 50*70 edit,,papeterie,,pc,4700,4700,5,1,,,4553.jpg
ouvre lettre 21cm 1-2 lame    582032,,papeterie,,pc,800,800,86,9,,,4556.jpg
agrafe 23-13 boite 1000,,papeterie,,pc,1950,1950,35,4,,,4560.jpg
agrafeuse 24-6,,papeterie,,pc,15700,15700,6,1,,,4564.jpg
gouache tubes 10ml assortis boite 10,,papeterie,,pc,5000,5000,1564,157,,,4565.jpg
compas clip,,papeterie,,pc,4500,4500,153,16,,,4567.jpg
agrafe jaky 12 boite 1000,,papeterie,,pc,1390,1390,111,12,,,4568.jpg
agrafe jaky 10 boite 1000,,papeterie,,pc,1600,1600,61,7,,,4570.jpg
agrafe 23-6 boite 1000     110000,,papeterie,,pc,950,950,95,10,,,4571.jpg
tablier chasuble enfant ( 5-8 ans),,papeterie,,pc,2950,2950,24,3,,,4569.jpg
agrafe bebe cu 5000 (boite rose)    ecureuil,,papeterie,,pc,1900,1900,167,17,,,4572.jpg
agrafe 23-8 boite 1000     110004,,papeterie,,pc,1000,1000,21,3,,,4574.jpg
bloc office 100f a4 parch bleu ciel,,papeterie,,pc,4250,4250,1,1,,,4576.jpg
bloc office 100f a4 permanent white 90g,,papeterie,,pc,4250,4250,1,1,,,4580.jpg
agrafeuse 24-6,,papeterie,,pc,9000,9000,120,12,,,4581.jpg
ote agrafes    0231,,papeterie,,pc,550,550,28,3,,,4584.jpg
agrafe 114 ap alta penetrazine  boite 5000      101209,,papeterie,,pc,1700,1700,7,1,,,4586.jpg
agrafeuse parva2 64 joly new  002210,,papeterie,,pc,11030,11030,3,1,,,4588.jpg
gommettes animaux fermes 166*216,,papeterie,,pc,4000,4000,2,1,,,4589.jpg
dessin vival 30f a4 10c 120g bloc,,papeterie,,pc,4000,4000,19,2,,,4591.jpg
agrafeuse novus b36-2       021-0069,,papeterie,,pc,9150,9150,6,1,,,4592.jpg
compas a tableau 40cm,,papeterie,,pc,3775,3775,57,6,,,4595.jpg
agrafeuse swingline 10,,papeterie,,pc,11450,11450,16,2,,,4602.jpg
agrafe 23-24 boite 1000        0300032,,papeterie,,pc,1620,1620,199,20,,,4603.jpg
pochette mi teinte vive +15% 24*32 160g,,papeterie,,pc,5450,5450,5,1,,,4604.jpg
punaise couleur boite 100.    0022,,papeterie,,pc,850,850,10,1,,,4612.jpg
pate a modeler patplume 350g orange,,papeterie,,pc,2500,2500,31,4,,,4613.jpg
fixat crayon fusain flacon 75ml,,papeterie,,pc,3550,3550,1,1,,,4617.jpg
rouleau adhesif invisible 19mm*33  vrac 367600,,papeterie,,pc,600,600,11651,1166,,,4618.jpg
"sac bouteille recto verso choco-rouge,",,papeterie,,pc,3750,3750,40,4,,,4621.jpg
gouache liquide 250ml argent,,papeterie,,pc,4650,4650,11,2,,,4623.jpg
pochette calque bistre 24*32 70g,,papeterie,,pc,3500,3500,1134,114,,,4628.jpg
agrafeuse duax        21808300,,papeterie,,pc,5300,5300,4,1,,,4629.jpg
pate a modeler couleurs assorties 500g,,papeterie,,pc,3800,3800,34,4,,,4630.jpg
vitrail 50ml vert intense      210250,,papeterie,,pc,3250,3250,3,1,,,4633.jpg
auto cloueur 108 maestri blister,,papeterie,,pc,13250,13250,2,1,,,4634.jpg
boussole de poche d-45mm couvercle     170028,,papeterie,,pc,1600,1600,94,10,,,4642.jpg
encre liquide fluidine 50ml    jaune citron    210373,,papeterie,,pc,2950,2950,8,1,,,4648.jpg
encre liquide fluidine 50ml rouge vermillon,,papeterie,,pc,2950,2950,14,2,,,4649.jpg
encre liquide fluidine 50ml    bleu outre mer  210367,,papeterie,,pc,2950,2950,7,1,,,4650.jpg
agrafeuse romablok s24. 0045205,,papeterie,,pc,264200,264200,1,1,,,4651.jpg
encre liquide fluidine 50ml blanc,,papeterie,,pc,2950,2950,15,2,,,4652.jpg
agrafes bostich stcr 21-15.   6mm boite 5000   agr2115-06,,papeterie,,pc,7300,7300,5,1,,,4653.jpg
encre liquide fluidine 50ml  bleu de cobalt 2103661,,papeterie,,pc,2950,2950,29,3,,,4654.jpg
encre liquide fluidine 50ml vert emeraude,,papeterie,,pc,2950,2950,33,4,,,4656.jpg
porte carte de visite 96pcs,,papeterie,,pc,1800,1800,38,4,,,4659.jpg
encre liquide fluidine 50ml vert pre,,papeterie,,pc,2950,2950,16,2,,,4658.jpg
encre liquide fluidine 50ml terre sienne.brule,,papeterie,,pc,2950,2950,42,5,,,4661.jpg
textile tis 50ml vert pomme 2107300,,papeterie,,pc,2950,2950,52,6,,,4663.jpg
corbeille a courrier 200+ h rose indien,,papeterie,,pc,2700,2700,1,1,,,4664.jpg
sac premium 12.5*9.5*38cm bouteille,,papeterie,,pc,2950,2950,67,7,,,4667.jpg
dessin bistre bloc a4 0067-106,,papeterie,,pc,8500,8500,39,4,,,4669.jpg
ramette double a a4 blanc 80g,,papeterie,,pc,4000,4000,4277,428,,,4677.jpg
magic clip chrome 4mm boite 50.  750911,,papeterie,,pc,2850,2850,3,1,,,4679.jpg
ramette clairefontaine strong blanc 60g a4,,papeterie,,pc,5500,5500,8,1,,,4682.jpg
ramette clairefontaine blanc 80g a4,,papeterie,,pc,5000,5000,212,22,,,4684.jpg
compas metal nick 5 pieces  355115,,papeterie,,pc,2200,2200,334,34,,,4687.jpg
ramette clairefontaine vert nature 80g a4,,papeterie,,pc,7500,7500,69,7,,,4691.jpg
ramette clairefontaine bleu alize 80g a4,,papeterie,,pc,6700,6700,1,1,,,4692.jpg
ramette clairefontaine orange vif 80g a4,,papeterie,,pc,7650,7650,46,5,,,4694.jpg
taille crayon + gomme,,papeterie,,pc,2650,2650,1,1,,,4693.jpg
ramette double a a3 blanc 80g,,papeterie,,pc,9800,9800,2,1,,,4696.jpg
ramette clairefontaine bleu 80g a3,,papeterie,,pc,12750,12750,59,6,,,4698.jpg
gouache liquide cyan flacon bleu 500ml   84273,,papeterie,,pc,2600,2600,3,1,,,4699.jpg
gouache liquide vert printemps flacon 500ml  84285,,papeterie,,pc,2600,2600,1,1,,,4701.jpg
ramette pelure a4 bleu 32 gr,,papeterie,,pc,4750,4750,3,1,,,4702.jpg
gouache liquide marron flacon  500ml     532828,,papeterie,,pc,2600,2600,2,1,,,4703.jpg
gouache liquide vert emeraude   500ml         532812,,papeterie,,pc,2600,2600,5,1,,,4705.jpg
gouache liquide rose tyrien flacon  500ml         532806,,papeterie,,pc,2600,2600,10,1,,,4706.jpg
gouache liquide noir flacon 500ml        84277,,papeterie,,pc,2600,2600,12,2,,,4709.jpg
ramette clairefontaine canari 80g a3,,papeterie,,pc,14900,14900,6,1,,,4710.jpg
gouache liquide carmin   flacon 500ml 84280,,papeterie,,pc,2950,2950,2,1,,,4711.jpg
ramette clairefontaine rose 80g a3,,papeterie,,pc,14900,14900,29,3,,,4712.jpg
gouache liquide violet  flacon  500ml  84286,,papeterie,,pc,2600,2600,6,1,,,4713.jpg
ramette clairefontaine vert 80g a3,,papeterie,,pc,13700,13700,36,4,,,4714.jpg
gouache liquide bleu primaire flacon 500ml,,papeterie,,pc,2950,2950,3,1,,,4715.jpg
sac a dos borne olivi shoe 2 compartiments assortis,,papeterie,,pc,43000,43000,4,1,,,4716.jpg
gouache liquide rouge vermillon flacon 500ml         532807,,papeterie,,pc,2600,2600,5,1,,,4719.jpg
gouache liquide bleu cobalt    500ml          84271,,papeterie,,pc,3000,3000,19,2,,,4721.jpg
gibeciere chipi malo 41cm 3 compartiments ass,,papeterie,,pc,52450,52450,1,1,,,4722.jpg
gouache liquide outremer flacon  500ml        532817,,papeterie,,pc,2600,2600,2,1,,,4723.jpg
gouache liquide jaune d'or flacon 500ml,,papeterie,,pc,2600,2600,1,1,,,4725.jpg
gouache liquide orange flacon 500ml        84278,,papeterie,,pc,2000,2000,9,1,,,4726.jpg
gouache liquide vert franc ( clair) flacon 500ml 84284,,papeterie,,pc,2200,2200,4,1,,,4729.jpg
sac born sou stoke butt assorti,,papeterie,,pc,33500,33500,1,1,,,4728.jpg
gouache liquide blanc flacon  500ml,,papeterie,,pc,2600,2600,70,7,,,4733.jpg
feuille fontaine 56*76. 300g,,papeterie,,pc,2500,2500,9,1,,,4734.jpg
gibeciere airness sepi 41cm 2 compartiments assortis,,papeterie,,pc,53600,53600,1,1,,,4735.jpg
gibeciere airness standard 41cm 3c assortie,,papeterie,,pc,52450,52450,1,1,,,4739.jpg
crayon esquisse pierre noir hb 2b conte blister 2,,papeterie,,pc,2400,2400,10,1,,,4741.jpg
equerre a tableau 60cm plastique jaune,,papeterie,,pc,2550,2550,1,1,,,4745.jpg
surligneur stabilo-boss jaune,,papeterie,,pc,600,600,626,63,,,4746.jpg
surligneur stabilo boss rouge,,papeterie,,pc,600,600,46,5,,,4748.jpg
peinture soie 50ml vert emeraude 2104767,,papeterie,,pc,2450,2450,144,15,,,4752.jpg
lave pinceaux antiverse,,papeterie,,pc,1950,1950,18,2,,,4754.jpg
feutre stabilo sensor f vert,,papeterie,,pc,750,750,2,1,,,4755.jpg
blister 2 crayon esquisse graphite hb 2b conte a paris,,papeterie,,pc,2450,2450,18,2,,,4758.jpg
sac borne kanabeach & leopard,,papeterie,,pc,22150,22150,1,1,,,4759.jpg
agrafeuse,,papeterie,,pc,6900,6900,24,3,,,4761.jpg
gouache au doigt bebe super 220g,,papeterie,,pc,5300,5300,6,1,,,4762.jpg
regle plate bois 40cm,,papeterie,,pc,1900,1900,41,5,,,4764.jpg
agrafeuse,,papeterie,,pc,8900,8900,3,1,,,4765.jpg
peinture soie 50ml rouge d'orient 2104651,,papeterie,,pc,2250,2250,31,4,,,4768.jpg
peinture soie 50ml cyan  2104729,,papeterie,,pc,2250,2250,59,6,,,4769.jpg
agrafeuse pour blocs 117 120 lang duo,,papeterie,,pc,415900,415900,3,1,,,4770.jpg
peinture soie 50ml noir 2104842,,papeterie,,pc,2250,2250,51,6,,,4771.jpg
peinture soie 50ml vermillon  2104644,,papeterie,,pc,2250,2250,45,5,,,4772.jpg
peinture soie 50ml medium antifusant 2105009,,papeterie,,pc,2250,2250,37,4,,,4773.jpg
dessin 30 feuilles a5 90g bloc,,papeterie,,pc,2225,2225,8,1,,,4774.jpg
pochette 8 feuille calque couleur 100g 24*32,,papeterie,,pc,2150,2150,2,1,,,4777.jpg
decoration creme d'acrylique 50ml outremer,,papeterie,,pc,2100,2100,95,10,,,4778.jpg
decoration creme d'acrylique 50ml jaune,,papeterie,,pc,2100,2100,1,1,,,4779.jpg
decoration creme d'acrylique 50ml carmin,,papeterie,,pc,2100,2100,41,5,,,4780.jpg
decoration creme d'acrylique 50ml grenadine,,papeterie,,pc,2100,2100,2,1,,,4781.jpg
decoration creme d'acrylique 50ml ton bois,,papeterie,,pc,2100,2100,24,3,,,4782.jpg
decoration creme d'acrylique 50ml noir,,papeterie,,pc,2100,2100,4,1,,,4783.jpg
decoration creme d'acrylique 50ml bleu clair,,papeterie,,pc,2100,2100,60,6,,,4784.jpg
decoration creme d'acrylique 50ml vert golf,,papeterie,,pc,2100,2100,35,4,,,4785.jpg
encre de chine 11ml            flacon        807073,,papeterie,,pc,2070,2070,10,1,,,4787.jpg
taille crayon + gomme,,papeterie,,pc,1750,1750,18,2,,,4791.jpg
compas plastique bague kid'z,,papeterie,,pc,750,750,116,12,,,4794.jpg
peinture deco mat 50ml bleu zenith 2110706,,papeterie,,pc,1950,1950,2,1,,,4796.jpg
taille crayon + gomme,,papeterie,,pc,1500,1500,13,2,,,4798.jpg
boussole de poche d-35mm        170018,,papeterie,,pc,1000,1000,83,9,,,4799.jpg
rouleau a peindre manche plastique658500,,papeterie,,pc,500,500,116,12,,,4800.jpg
encre de chine rouge mars matic      745-2,,papeterie,,pc,2150,2150,1,1,,,4803.jpg
encre de chine jaune mars matic      745-1,,papeterie,,pc,1850,1850,6,1,,,4804.jpg
encre de chine bleu mars matic      745-3,,papeterie,,pc,1850,1850,1,1,,,4805.jpg
encre de chine noir 11 ml       flacon,,papeterie,,pc,600,600,14,2,,,4806.jpg
taille crayon + gomme,,papeterie,,pc,1650,1650,48,5,,,4807.jpg
taille crayon + gomme,,papeterie,,pc,1500,1500,32,4,,,4809.jpg
gouache au doigt 100ml assorti,,papeterie,,pc,1800,1800,178,18,,,4810.jpg
feuille mi teinte gris dessin 160g 50*65,,papeterie,,pc,1750,1750,8,1,,,4813.jpg
feuille mi teinte marron dessin 160g 50*65,,papeterie,,pc,1750,1750,11,2,,,4814.jpg
mi teinte gris fume feuille dessin 160g 50*65,,papeterie,,pc,1750,1750,14,2,,,4815.jpg
mi teinte vert ocean feuille dessin 160g 50*65,,papeterie,,pc,1750,1750,9,1,,,4816.jpg
feuille mi teinte gris dessin 160g 50*65,,papeterie,,pc,1750,1750,5,1,,,4817.jpg
crayon de couleur topicolor long etui 12,,papeterie,,pc,1750,1750,4621,463,,,4823.jpg
carte de la france departement-fleuve 30218 sachets 2,,papeterie,,pc,1750,1750,477,48,,,4824.jpg
taille crayon + gomme,,papeterie,,pc,1500,1500,2,1,,,4825.jpg
"mine 0,3mm  etui 12 hb",,papeterie,,pc,1650,1650,2,1,,,4826.jpg
taille crayon 2 trous,,papeterie,,pc,1000,1000,61,7,,,4830.jpg
regle plate 30cm,,papeterie,,pc,600,600,167,17,,,4833.jpg
mi teinte bleue turquoise feuille 50*65 160g,,papeterie,,pc,1500,1500,4,1,,,4834.jpg
pate adhesive blu-tack,,papeterie,,pc,1400,1400,970,97,,,4835.jpg
pinceau aquarelle numeros assortis,,papeterie,,pc,200,200,109,11,,,4836.jpg
mi teinte violet 160g 50*65,,papeterie,,pc,1500,1500,2,1,,,4838.jpg
taille crayon + gomme,,papeterie,,pc,1300,1300,41,5,,,4840.jpg
gomme + balai,,papeterie,,pc,1400,1400,316,32,,,4841.jpg
mi teinte lys feuille 50*65 160g,,papeterie,,pc,1400,1400,5,1,,,4844.jpg
mi teinte safran feuille 50*65 160g,,papeterie,,pc,1400,1400,5,1,,,4846.jpg
mi teinte rose fonce feuille 50*65 160g  n 352,,papeterie,,pc,1400,1400,2,1,,,4848.jpg
mi teinte anis feuille 50*65 160g,,papeterie,,pc,1400,1400,1,1,,,4849.jpg
compas study + etuis mine,,papeterie,,pc,1150,1150,638,64,,,4851.jpg
badge a clip et bretelle       54212,,papeterie,,pc,1230,1230,456,46,,,4855.jpg
mi teinte jaune soleil feuille 50*65 160g,,papeterie,,pc,1230,1230,3,1,,,4857.jpg
mi teinte vert amande feuille 50*65 160g,,papeterie,,pc,1230,1230,230,23,,,4859.jpg
palette plastique ronde 10 trous,,papeterie,,pc,1000,1000,1,1,,,4863.jpg
taille crayon 1 trou,,papeterie,,pc,1350,1350,8,1,,,4867.jpg
taille crayon 2 trous,,papeterie,,pc,1500,1500,13,2,,,4870.jpg
pinceau aquarelle n 20 poney,,papeterie,,pc,1150,1150,75,8,,,4871.jpg
compas vivo bague  display 518110,,papeterie,,pc,550,550,94,10,,,4876.jpg
regle plate 50cm cristal,,papeterie,,pc,750,750,7,1,,,4877.jpg
"dessin c a grain 180gr 50*65   feuille        0021-183""""",,papeterie,,pc,900,900,87,9,,,4879.jpg
crayon rembrandt splender lyra,,papeterie,,pc,900,900,152,16,,,4880.jpg
encre a tampon 10ml noire flacon 585951,,papeterie,,pc,900,900,1,1,,,4881.jpg
gomme mars plastic combi,,papeterie,,pc,750,750,413,42,,,4884.jpg
bloc steno spiral ligne a5,,papeterie,,pc,750,750,2,1,,,4887.jpg
taille crayon 1 trou,,papeterie,,pc,1000,1000,3,1,,,4889.jpg
equerre 90  16cm biseau blanc  bois,,papeterie,,pc,700,700,298,30,,,4890.jpg
pinceau aquarelle n 10 poney  175134,,papeterie,,pc,550,550,117,12,,,4894.jpg
crayon pastel tendre bleu ciel,,papeterie,,pc,580,580,552,56,,,4897.jpg
ciseaux ecolier avec poch plastique,,papeterie,,pc,500,500,24,3,,,4898.jpg
compas ecolier 8615,,papeterie,,pc,500,500,2089,209,,,4903.jpg
rapporteur 180,,papeterie,,pc,480,480,11,2,,,4906.jpg
lefranc bourgeois pinceau corps en bois bleu poney numero 4,,papeterie,,pc,450,450,51,6,,,4911.jpg
equerre 45mm,,papeterie,,pc,300,300,20,2,,,4914.jpg
crayon staedtler pencils tradition,,papeterie,,pc,300,300,514,52,,,4915.jpg
rapporteur 15 cm,,papeterie,,pc,350,350,177,18,,,4916.jpg
crayon 6b tradition single staedtler,,papeterie,,pc,300,300,298,30,,,4919.jpg
crayon a papier tradition 110-4h,,papeterie,,pc,300,300,54,6,,,4920.jpg
double decimetre cristal 5106,,papeterie,,pc,100,100,53152,5316,,,4923.jpg
pinceau aquarelle,,papeterie,,pc,200,200,224,23,,,4924.jpg
equerre cristal 45 21cm  146123,,papeterie,,pc,300,300,5,1,,,4925.jpg
equerre 10cm teinte 45,,papeterie,,pc,300,300,32,4,,,4926.jpg
equerre cristal 60 21cm  146122,,papeterie,,pc,300,300,68,7,,,4927.jpg
feuille a4 calque couleur 100grammes,,papeterie,,pc,300,300,142,15,,,4928.jpg
brosse scolaire,,papeterie,,pc,290,290,5,1,,,4931.jpg
double decimetre teinte,,papeterie,,pc,200,200,2,1,,,4933.jpg
brosse scolaire,,papeterie,,pc,240,240,20,2,,,4936.jpg
equerre 20cm 60,,papeterie,,pc,200,200,5,1,,,4939.jpg
rapporteur 180,,papeterie,,pc,190,190,9,1,,,4942.jpg
pince double clip 25mm,,papeterie,,pc,200,200,3,1,,,4948.jpg
gomme blanche carre,,papeterie,,pc,100,100,12,2,,,4949.jpg
equerre 13 cm en plastique graduee,,papeterie,,pc,200,200,79886,7989,,,4950.jpg
gomme blanche gm,,papeterie,,pc,100,100,1,1,,,4951.jpg
protege documents a4 40 vues 20 poches,,papeterie,,pc,1800,1800,95,10,,,4955.jpg
protege documents a4 80 vues 40 poches,,papeterie,,pc,2800,2800,4,1,,,4956.jpg
machine a relier 110 bing combbind,,papeterie,,pc,95700,95700,2,1,,,4961.jpg
bracelet caoutchouc 180*10 blond boite 100g,,papeterie,,pc,850,850,2,1,,,4964.jpg
"lebon et vernay sp620 registre livre de transmission 150 pages format 21x29,7cm bleu",,papeterie,,pc,3500,3500,9,1,,,4968.jpg
registre courier arrivee,,papeterie,,pc,3500,3500,32,4,,,4969.jpg
poubelle a pedale plastique 40 litres 91979,,papeterie,,pc,58400,58400,2,1,,,4977.jpg
corbeille a papier 510 noir,,papeterie,,pc,15400,15400,1,1,,,4986.jpg
dossier suspendu armoire fond-15,,papeterie,,pc,2600,2600,351,36,,,4992.jpg
classeur a4 personnalisable 4 anneaux d 40 dos 65 blanc,,papeterie,,pc,3800,3800,9,1,,,4993.jpg
pochette coin a4 plastique incolore 75 microns,,papeterie,,pc,175,175,459,46,,,4994.jpg
pochette perforee a4 plastique incolore 75 microns,,papeterie,,pc,50,50,166,17,,,4995.jpg
classeur a4 personnalisable 4 anneaux d 40 dos 70 blanc,,papeterie,,pc,4300,4300,2,1,,,4996.jpg
classeur a4 personnalisable 4 anneaux d 25 dos 30,,papeterie,,pc,3200,3200,4,1,,,4997.jpg
protege documents a4 140 vues 70 poches,,papeterie,,pc,4200,4200,1963,197,,,4998.jpg
protege documents a4 120 vues 60 poches,,papeterie,,pc,3400,3400,13,2,,,4999.jpg
chemise a rabat elastique carton dos 40mm ass,,papeterie,,pc,3840,3840,29,3,,,5000.jpg
post-it number & signs pads,,papeterie,,pc,5000,5000,70,7,,,5001.jpg
cube mini feuille 50*50mm,,papeterie,,pc,1850,1850,55,6,,,5004.jpg
post-it notes flag on papercard 4x12.5x43mm,,papeterie,,pc,1500,1500,14,2,,,5005.jpg
post-it notes flag on papercard,,papeterie,,pc,2300,2300,76,8,,,5006.jpg
post-it notes index pet 25x43mm,,papeterie,,pc,900,900,487,49,,,5007.jpg
post-it z- notes devidoir notes dhesives 75x75mm jaune,,papeterie,,pc,3850,3850,153,16,,,5012.jpg
reliure plastique pour archives,,papeterie,,pc,250,250,884,89,,,5016.jpg
caisse pliante 8802 multicolore,,papeterie,,pc,10200,10200,1,1,,,5017.jpg
caisson avec 3 cloisons 8103,,papeterie,,pc,87300,87300,5,1,,,5019.jpg
classeur a4 personnalisable 4 anneaux d30 dos 50 blanc,,papeterie,,pc,3500,3500,47,5,,,5029.jpg
lot de 10 classeur 4 anneaux 25 mm personnalisable essentials dos de 40 mm blanc,,papeterie,,pc,3300,3300,103,11,,,5030.jpg
classeur a levier pvc s p dos 50mm rouge,,papeterie,,pc,2900,2900,125,13,,,5031.jpg
classeur a levier pvc s p dos 50mm jaune,,papeterie,,pc,2900,2900,165,17,,,5032.jpg
classeur a levier pvc s p dos 50mm bleu fonce,,papeterie,,pc,2900,2900,33,4,,,5033.jpg
classeur a levier pvc s p dos 50mm gris,,papeterie,,pc,2600,2600,139,14,,,5034.jpg
sous chemise 22*31 rose ax-educ,,papeterie,,pc,25,25,735,74,,,5035.jpg
sous chemise 22*31 couleur  assorti ax-educ,,papeterie,,pc,25,25,15733,1574,,,5036.jpg
baguette a relier 3mm cristal,,papeterie,,pc,150,150,4506,451,,,5042.jpg
exacompta serodo boite de 25 baguettes a relier manuelle 3 mm noir,,papeterie,,pc,150,150,4473,448,,,5043.jpg
distributeur aimant+ 50 attaches lettres couleur,,papeterie,,pc,1000,1000,13,2,,,5053.jpg
trombone 32mm couleur boite 100,,papeterie,,pc,300,300,50,5,,,5054.jpg
trombone 32mm galva boite 100,,papeterie,,pc,400,400,1,1,,,5055.jpg
rubafix 558700 toile adhesif mille 50 mm x 3 m - jaune,,papeterie,,pc,7500,7500,17,2,,,5057.jpg
rouleaux toile 38mm*3m rouge,,papeterie,,pc,4550,4550,9,1,,,5058.jpg
rubafix 572700 toile adhesif mille 38 mm x 3 m - jaune,,papeterie,,pc,4550,4550,8,1,,,5059.jpg
enveloppe bulle 114*162,,papeterie,,pc,20,20,6585,659,,,5060.jpg
chemise a rabat elastique cl 5 10 assortie,,papeterie,,pc,900,900,2,1,,,5061.jpg
carton a dessin 52*72,,papeterie,,pc,8550,8550,1,1,,,5062.jpg
protege documents a4 60 vues 30 poches,,papeterie,,pc,2500,2500,57,6,,,5063.jpg
trombone 25mm couleur boite 100,,papeterie,,pc,300,300,299,30,,,5064.jpg
pot a crayon,,papeterie,,pc,1290,1290,1,1,,,5065.jpg
registre courier depart,,papeterie,,pc,3500,3500,42,5,,,5066.jpg
chemise a sangle vert clair toile 24*32,,papeterie,,pc,1800,1800,2104,211,,,5069.jpg
fiche scolaire assorties,,papeterie,,pc,170,170,872,88,,,5070.jpg
chemise 24*32 orange ax-educ,,papeterie,,pc,80,80,2950,295,,,5071.jpg
stylo bille vert ppu,,papeterie,,pc,50,50,5433,544,,,5072.jpg
business bag,,papeterie,,pc,200,200,6412,642,,,5076.jpg
chemise 24*32 bleu fonce jura 1,,papeterie,,pc,80,80,4,1,,,5082.jpg
bracelets caoutchouc n,,papeterie,,pc,600,600,772,78,,,5084.jpg
agrafes bb cu 1000 (boite rose)    ecureuil,,papeterie,,pc,350,350,4752,476,,,5085.jpg
sous chemise 22*31 bleu fonce,,papeterie,,pc,25,25,7,1,,,5091.jpg
manifold rec dep a4 50 2,,papeterie,,pc,4160,4160,2,1,,,5096.jpg
registre auxiliaire ( brouillard de caisse),,papeterie,,pc,9500,9500,10,1,,,5098.jpg
registre employeur 3eme fascicule gepe05,,papeterie,,pc,1880,1880,417,42,,,5099.jpg
registre employeur 2eme fascicule gepe04,,papeterie,,pc,5200,5200,200,20,,,5100.jpg
registre employeur 1er fascicule,,papeterie,,pc,1880,1880,153,16,,,5101.jpg
etiquette multi usages jaune 210*297 pochettes 100,,papeterie,,pc,36200,36200,1,1,,,5105.jpg
etiquette multi usages jaune 105*148.5 pochettes 400,,papeterie,,pc,36200,36200,2,1,,,5106.jpg
etiquette pet dorees 210*297 pochettes 10 feuilles,,papeterie,,pc,16800,16800,4,1,,,5110.jpg
etiquette plastifie 170*257 pochette 10feuilles,,papeterie,,pc,16500,16500,4,1,,,5111.jpg
etiquette multi usages 105*42 pochette 1400,,papeterie,,pc,15350,15350,18,2,,,5112.jpg
etiquette multi usages 210*297 pochette export 100,,papeterie,,pc,17500,17500,2,1,,,5115.jpg
etiquette multi usages vert 210*297 pochette 20,,papeterie,,pc,9000,9000,2,1,,,5119.jpg
etiquette j l c coeur rose 20feuilles,,papeterie,,pc,9950,9950,2,1,,,5122.jpg
etiquette laser copieur rouge fluo 99.1*67.7 pochette,,papeterie,,pc,9550,9550,94,10,,,5123.jpg
etiquette dos classeur blanc 190*38 pochette 140,,papeterie,,pc,7500,7500,3,1,,,5126.jpg
boite classeur dos 40mm exabox assorti (carton),,papeterie,,pc,3500,3500,1,1,,,5127.jpg
etui a5 320 etiquettes blanc 48.5*25,,papeterie,,pc,2000,2000,8,1,,,5132.jpg
jeu intercalaire  alpha a-z cartes  20 positions,,papeterie,,pc,2500,2500,94,10,,,5133.jpg
jeu d'intercalaires a4  polypropylene 12 positions  1512e,,papeterie,,pc,1800,1800,1,1,,,5135.jpg
jeu d'intercalaires  mensuel    47109 polypropylene 12 positions.,,papeterie,,pc,1590,1590,1,1,,,5136.jpg
jeud' intercalaires a4 12 positions carte lustre  1412e,,papeterie,,pc,950,950,39,4,,,5137.jpg
exacompta jeu d'intercalaires 12positions a4 carte lustree,,papeterie,,pc,1100,1100,188,19,,,5139.jpg
post-it tartan 76x127    12776 jaune,,papeterie,,pc,350,350,2492,250,,,5140.jpg
trombone  plastique triangle  tb003,,papeterie,,pc,850,850,2017,202,,,5144.jpg
post-it note 76*101 jaune 7734,,papeterie,,pc,400,400,39,4,,,5145.jpg
jeu d'intercalaires 17*22 .carton  6 positions 577421,,papeterie,,pc,600,600,68,7,,,5148.jpg
classeur box translucide 4  grands tiroirs assortis,,papeterie,,pc,13000,13000,3,1,,,5155.jpg
agrafeuse bostich p3,,papeterie,,pc,25500,25500,8,1,,,5157.jpg
sous-main simple 40*60 noir    716200,,papeterie,,pc,17500,17500,1,1,,,5164.jpg
bloc faf,,papeterie,,pc,9500,9500,18,2,,,5165.jpg
classeur a4 person dos 95mm blanc,,papeterie,,pc,6500,6500,2,1,,,5183.jpg
chemise a tiret 24*32 orange 2142,,papeterie,,pc,5850,5850,1,1,,,5188.jpg
porte timbre 6 places  2108306,,papeterie,,pc,5550,5550,2,1,,,5190.jpg
classeur a4 person dos 50mm dos 75mm blanc,,papeterie,,pc,4500,4500,53,6,,,5191.jpg
classeur a4 person dos 60mm dos 90mm    blanc,,papeterie,,pc,4800,4800,52,6,,,5192.jpg
porte bloc rouge avec couverture,,papeterie,,pc,4950,4950,5,1,,,5194.jpg
classeur a4 dos 40mm chatons duo,,papeterie,,pc,4300,4300,24,3,,,5200.jpg
classeur a4 dos 40 supercars 594.73,,papeterie,,pc,4300,4300,19,2,,,5202.jpg
classeur a4 personnalisable 2 anneaux dos 60mm,,papeterie,,pc,4500,4500,256,26,,,5213.jpg
classeur a4 personnalisable dos 40 dos 65 bleu,,papeterie,,pc,3200,3200,2,1,,,5218.jpg
classeur a4 4 anneaux tweety 54901501,,papeterie,,pc,14800,14800,5,1,,,5224.jpg
boite de classeurement polypropylene couleur assortie dos 40mm,,papeterie,,pc,4200,4200,17,2,,,5232.jpg
fiche stock 12.5 x 200 vert     paquet 100        fs2801,,papeterie,,pc,3790,3790,3,1,,,5240.jpg
porte timbre 12 places 2108312,,papeterie,,pc,3770,3770,35,4,,,5241.jpg
boite classeurement d40 scotten assortie,,papeterie,,pc,3750,3750,3,1,,,5242.jpg
classeur a4 personnalisable diametre 30mm dos 50mm  bleu,,papeterie,,pc,2850,2850,11,2,,,5244.jpg
classeur levier dos large avec perforateur jaune pvc 70mm,,papeterie,,pc,2500,2500,8,1,,,5251.jpg
classeur levier dos large avec perforateur orange pvc 70mm,,papeterie,,pc,2500,2500,2,1,,,5252.jpg
classeur levier dos large avec perforateur rouge pvc 70mm,,papeterie,,pc,2500,2500,1,1,,,5253.jpg
classeur levier dos large avec perforateur vert fonce  pvc 70mm,,papeterie,,pc,2500,2500,64,7,,,5254.jpg
classeur a4 personnalisable  diametre 30mm dos 50mm    blanc,,papeterie,,pc,3500,3500,1,1,,,5258.jpg
classeur a4 personnalisable 4 anneaux dos 30mm blanc,,papeterie,,pc,3500,3500,3,1,,,5259.jpg
boite classeur pvc pliable dos 100 mm rouge,,papeterie,,pc,3650,3650,10,1,,,5260.jpg
boite classeur pvc pliable dos 100 mm bleu,,papeterie,,pc,3250,3250,2,1,,,5261.jpg
boite classeur pvc pliable dos 100 mm vert,,papeterie,,pc,3500,3500,2,1,,,5262.jpg
agrafeuse eurodesk 100,,papeterie,,pc,3500,3500,1,1,,,5263.jpg
classeur a4 personnalisable diametre 30mm dos 50mm rouge,,papeterie,,pc,3150,3150,10,1,,,5264.jpg
cube 90*90*90  blanc   999,,papeterie,,pc,3500,3500,60,6,,,5266.jpg
classeur a4 personnalisable diametre 30mm dos 50mm    blanc,,papeterie,,pc,3500,3500,1,1,,,5270.jpg
porte carte de visite 180 pieces,,papeterie,,pc,3300,3300,40,4,,,5271.jpg
chemise ressort 24*32 bleu   2138 240100025,,papeterie,,pc,3300,3300,884,89,,,5272.jpg
chemise ressort 24*32 rouge  2138 240100075,,papeterie,,pc,3300,3300,1493,150,,,5273.jpg
chemise ressort 24*32 jaune  2138 240100035,,papeterie,,pc,3300,3300,949,95,,,5274.jpg
etiquette blanc 26*16 rl1000,,papeterie,,pc,2000,2000,2516,252,,,5275.jpg
boite classeur pvc pliable 70mm gris 56008,,papeterie,,pc,3050,3050,1,1,,,5283.jpg
classeur levier dos large avec perforateur gris pvc 70mm,,papeterie,,pc,2500,2500,257,26,,,5284.jpg
caisse de rangement blanc bleu,,papeterie,,pc,2900,2900,503,51,,,5289.jpg
recharge tampon shiny noir s830,,papeterie,,pc,2800,2800,5,1,,,5290.jpg
recharge tampon s829 noir,,papeterie,,pc,2800,2800,4,1,,,5291.jpg
agraffes jacky 08 boite 5000,,papeterie,,pc,2800,2800,6,1,,,5292.jpg
dessin canson polypropylene 27*35 vive assorties pochettes,,papeterie,,pc,2800,2800,201,21,,,5293.jpg
recharge tampon shiny rouge s830,,papeterie,,pc,2800,2800,4,1,,,5294.jpg
classeur levier dos large sans perforateur blanc pvc 70mm,,papeterie,,pc,2000,2000,103,11,,,5298.jpg
classeur levier dos large sans perforateur vert fonce pvc 70mm,,papeterie,,pc,2000,2000,2,1,,,5299.jpg
porte bloc intense assorti  177573,,papeterie,,pc,2600,2600,3,1,,,5302.jpg
chemise dossier clip a4 blanc transparent,,papeterie,,pc,2500,2500,163,17,,,5306.jpg
chemise dossier clip a4 noir lucido,,papeterie,,pc,2500,2500,841,85,,,5307.jpg
classeur levier dos large sans perforateur gris carton,,papeterie,,pc,2000,2000,1,1,,,5308.jpg
boite de classeurement pvc pliable dos 70mm rouge 56003,,papeterie,,pc,2800,2800,31,4,,,5316.jpg
bloc direction a4 100 feuilles quadrillage 5,,papeterie,,pc,1850,1850,54,6,,,5319.jpg
pochette perforateur a3 plastique incolore horizontale,,papeterie,,pc,1850,1850,1,1,,,5321.jpg
cartobox vert dos 30mm 185,,papeterie,,pc,3250,3250,17,2,,,5322.jpg
ouvre lettre 215mm lame acier,,papeterie,,pc,1700,1700,2,1,,,5323.jpg
chemise rabat elastique + etiquettes 24*32 couleurs  assorties  4 10 polypropylene,,papeterie,,pc,900,900,1,1,,,5324.jpg
chemise a sangle jaune toile  24*32,,papeterie,,pc,1800,1800,24,3,,,5325.jpg
chemise a sangle gris toile 24*32,,papeterie,,pc,1550,1550,90,9,,,5328.jpg
chemise a sangle fuchsia bordeaux 24*32,,papeterie,,pc,1800,1800,118,12,,,5329.jpg
chemise a sangle vert fonce toile 24*32,,papeterie,,pc,1800,1800,335,34,,,5332.jpg
cartobox gris,,papeterie,,pc,4400,4400,30,3,,,5334.jpg
cartobox ivoire,,papeterie,,pc,4200,4200,283,29,,,5335.jpg
classeur a plat pvc vert  5500308,,papeterie,,pc,5000,5000,5,1,,,5336.jpg
fiche planning individuelle 3 rouge l'etui,,papeterie,,pc,1500,1500,1,1,,,5337.jpg
bloc direction a4 ( bloc faco),,papeterie,,pc,1200,1200,75,8,,,5344.jpg
bloc direction a4 ( sotefi),,papeterie,,pc,1250,1250,15,2,,,5345.jpg
"bloc telephone 10,5*15  bt0011 100 feuilles",,papeterie,,pc,1010,1010,14,2,,,5350.jpg
chemise present pince a4 blanc  56377,,papeterie,,pc,1010,1010,2824,283,,,5352.jpg
dossiers suspendus tiroir f-15 kraft orange 10207,,papeterie,,pc,850,850,44,5,,,5353.jpg
chemise dossier clip a4 assortie,,papeterie,,pc,1000,1000,4765,477,,,5354.jpg
post-it note 75*125 couleur assortie,,papeterie,,pc,700,700,2035,204,,,5355.jpg
dossier suspendu armoire f-15 22114,,papeterie,,pc,500,500,1831,184,,,5358.jpg
badge plastique b7-z001 vertical,,papeterie,,pc,900,900,23184,2319,,,5359.jpg
badge plastique b7-z001 horizontal,,papeterie,,pc,900,900,24106,2411,,,5360.jpg
dossier suspendu tiroir f-v     kraft orange 10202,,papeterie,,pc,850,850,123,13,,,5362.jpg
bloc cube multicolore 9x9  bcm9*9,,papeterie,,pc,2500,2500,18,2,,,5363.jpg
chemise rabat elastique+etiquette vert     caraibes,,papeterie,,pc,750,750,150,15,,,5366.jpg
chemise rabat elastique+etiquette rouge    classeurique,,papeterie,,pc,750,750,240,24,,,5367.jpg
chemise rabat elastique couleur 5 10 assorties 55500e,,papeterie,,pc,800,800,79,8,,,5368.jpg
badge plastique t-015v,,papeterie,,pc,700,700,21531,2154,,,5371.jpg
boite archive 25*36 diametre 10cm,,papeterie,,pc,680,680,90,9,,,5372.jpg
livret scolaire,,papeterie,,pc,650,650,42,5,,,5374.jpg
chemise rabat elastique+etiquette vert,,papeterie,,pc,650,650,314,32,,,5375.jpg
chemise rabat elastique+etiquette orange,,papeterie,,pc,650,650,141,15,,,5376.jpg
chemise rabat elastique+etiquette turquoise,,papeterie,,pc,650,650,244,25,,,5377.jpg
chemise rabat elastique+etiquette rouge,,papeterie,,pc,650,650,426,43,,,5378.jpg
chemise rabat elastique+etiquette vert fonce,,papeterie,,pc,650,650,131,14,,,5379.jpg
chemise present lamelle assortie  polypropylene,,papeterie,,pc,600,600,1652,166,,,5381.jpg
badge plastique t-014v vertical,,papeterie,,pc,500,500,21452,2146,,,5382.jpg
chemise present lamelle lilas polypropylene,,papeterie,,pc,450,450,10,1,,,5390.jpg
post-it notes jaune 75*75,,papeterie,,pc,250,250,20,2,,,5393.jpg
chemise 24*32 fuchsia bahia       210020e,,papeterie,,pc,175,175,306,31,,,5394.jpg
chemise 24*32 cardinal bahia      210012e,,papeterie,,pc,175,175,112,12,,,5395.jpg
chemise 24*32 orange jura 1       340007e,,papeterie,,pc,80,80,72531,7254,,,5398.jpg
chemise  24*32 jaune jura 1        340005e,,papeterie,,pc,80,80,2,1,,,5400.jpg
sous-chemise 22*31 orange ax-educ,,papeterie,,pc,30,30,1556,156,,,5411.jpg
sous-chemise 22*31 jaune ax-educ,,papeterie,,pc,25,25,26,3,,,5412.jpg
chemise 24*32 jaune 180grs,,papeterie,,pc,100,100,280,28,,,5415.jpg
chemise 24*32 rouge 180grs,,papeterie,,pc,100,100,43,5,,,5416.jpg
chemise 24*32 bleu clair 180grs,,papeterie,,pc,100,100,34609,3461,,,5417.jpg
pochette plastique a4 zip 3c,,papeterie,,pc,250,250,1529,153,,,5419.jpg
"etiquette blanc jet d'encre - laser - copy 70,0*35,0",,papeterie,,pc,4850,4850,10,1,,,5430.jpg
pochette coin a4 incolore 110 microns,,papeterie,,pc,150,150,2131,214,,,5441.jpg
chemise 24*32 assorties pap,,papeterie,,pc,80,80,6671,668,,,5453.jpg
chemise present lamelle rouge     polypropylene     4492-12,,papeterie,,pc,450,450,23,3,,,5456.jpg
chemise presentation lamelle bleu fonce  polypropylene,,papeterie,,pc,450,450,49,5,,,5457.jpg
sous-chemise 22*31 blanc bahia,,papeterie,,pc,100,100,320,32,,,5458.jpg
trieur a cavalier 26 compartiments alphabetique noir,,papeterie,,pc,39750,39750,128,13,,,5464.jpg
trieur a cavalier 26 compartiments alphabetique rouge,,papeterie,,pc,39750,39750,48,5,,,5465.jpg
trieur a cavalier 26 compartiments alphabetique bleu,,papeterie,,pc,39750,39750,66,7,,,5466.jpg
trieur a cavalier 31 compartiments numerique noir,,papeterie,,pc,45500,45500,83,9,,,5467.jpg
bloc leitz 5 tiroirs,,papeterie,,pc,77000,77000,1,1,,,5470.jpg
cahier de recherche a4 spiral 220p,,papeterie,,pc,1000,1000,1,1,,,5475.jpg
cahier pique 17x22 32p violet 90g seyes polypro,,papeterie,,pc,450,450,241,25,,,5479.jpg
cahier pique 17x22 32p rouge 90g seyes polypro,,papeterie,,pc,450,450,130,13,,,5480.jpg
cahier pique 17x22 32p orange 90g seyes polypro,,papeterie,,pc,450,450,171,18,,,5481.jpg
cahier pique 17x22 32p jaune 90g seyes polypro,,papeterie,,pc,450,450,199,20,,,5482.jpg
cahier pique 17x22 32p vert 90g seyes polypro,,papeterie,,pc,450,450,273,28,,,5483.jpg
cahier pique 17x22 32p bleu 90g seyes polypro,,papeterie,,pc,350,350,5,1,,,5484.jpg
cahier pique 17*22 48p bleu 90g seyes polypro,,papeterie,,pc,500,500,196,20,,,5491.jpg
cahier de dessin pique 17x22 32p 90g 8000 polypro uni,,papeterie,,pc,500,500,44,5,,,5494.jpg
bloc steno a4 uni,,papeterie,,pc,1600,1600,302,31,,,5495.jpg
rouleaux cadeau metrallise 50x0.70 moti f2,,papeterie,,pc,46750,46750,1,1,,,5496.jpg
feuille mobile a4 100 pages vert seyes,,papeterie,,pc,1400,1400,100,10,,,5499.jpg
feuille mobile a4 100 pages bleu seyes,,papeterie,,pc,1400,1400,19,2,,,5500.jpg
cahier pique 24x32 140p incolore 4 index 8000 polypro seyes,,papeterie,,pc,2800,2800,40,4,,,5501.jpg
cahier pique a4 96p incolore 3 index 8000 polypro seyes,,papeterie,,pc,2500,2500,139,14,,,5502.jpg
feuille mobile perforee a4 90g 200p q5*5 paquet 100,,papeterie,,pc,2600,2600,115,12,,,5503.jpg
manifold recette depense a4 dupli,,papeterie,,pc,2000,2000,2,1,,,5505.jpg
carnet bon de commande dupli 210*140 autocopiant,,papeterie,,pc,3200,3200,31,4,,,5506.jpg
manifold bon livraison 210*140 dupli autocollant,,papeterie,,pc,3400,3400,5,1,,,5509.jpg
carnet bulettin de paye,,papeterie,,pc,1500,1500,676,68,,,5513.jpg
agrafe 23 13 boite 1000,,papeterie,,pc,1400,1400,1676,168,,,5521.jpg
landr,,papeterie,,pc,950,950,107,11,,,5522.jpg
cahier de recherche a4 120p,,papeterie,,pc,750,750,310,31,,,5523.jpg
cahier pique 17*22 96p index 3 incolore 8000 polypro,,papeterie,,pc,1450,1450,485,49,,,5524.jpg
cahier spiral 17*22. 224p q5 5 90g,,papeterie,,pc,5050,5050,422,43,,,5525.jpg
cahier spiral 17*22. 224p seyes 90g,,papeterie,,pc,4800,4800,29,3,,,5526.jpg
cahier spiral a4 224p seyes 90g,,papeterie,,pc,6200,6200,17,2,,,5527.jpg
cahier broche 24*32 192p seyes 90g,,papeterie,,pc,6200,6200,27,3,,,5529.jpg
cahier pique 24*32 192p seyes 90g,,papeterie,,pc,5100,5100,7,1,,,5530.jpg
cahier pique 24*32 96p q5 5 90g,,papeterie,,pc,2900,2900,82,9,,,5531.jpg
calligraphe lot de 2 cahiers pique 24x32cm polypro 96p seyes 90g bleu,,papeterie,,pc,2700,2700,76,8,,,5532.jpg
cahier broche a4 288p seyes 90g,,papeterie,,pc,6850,6850,2,1,,,5533.jpg
cahier broche a4 192p q5 5 90g,,papeterie,,pc,4850,4850,7,1,,,5534.jpg
cahier broche a4 192p seyes 90g,,papeterie,,pc,4850,4850,52,6,,,5535.jpg
calligraphe lot de 10 cahiers pique polypro 17x22 cm 48 p seyes 90g jaune,,papeterie,,pc,800,800,649,65,,,5536.jpg
brochure rembordee 17*22 192p seyes 90g,,papeterie,,pc,4800,4800,16,2,,,5537.jpg
"calligraphe forever calligraphe, cahier pique 24x32 96p seyes 70g recycle et certifie",,papeterie,,pc,1000,1000,316,32,,,5540.jpg
cahier spiral 17*22 200p seyes,,papeterie,,pc,1000,1000,1,1,,,5541.jpg
feuille mobile a4 100 pages vert rose,,papeterie,,pc,1400,1400,40,4,,,5542.jpg
cahier spiral a4 200p seyes,,papeterie,,pc,1600,1600,129,13,,,5543.jpg
cahier de dessin 16p 90,,papeterie,,pc,200,200,27,3,,,5545.jpg
cahier de musique 22*17 48p,,papeterie,,pc,650,650,191,20,,,5546.jpg
cahier de texte pique 17*22 70g 96p seyes,,papeterie,,pc,850,850,3,1,,,5547.jpg
cahier de texte 17*22 70g 96p seyes,,papeterie,,pc,1100,1100,31,4,,,5548.jpg
cahier pique 24*32 192p q5*5,,papeterie,,pc,1500,1500,1,1,,,5549.jpg
cahier pique 24*32 70g 96p q5 5,,papeterie,,pc,1000,1000,326,33,,,5550.jpg
cahier spiral a4 288p seyes,,papeterie,,pc,2250,2250,43,5,,,5551.jpg
rouleaux kraft 65g 68*300 orange,,papeterie,,pc,1650,1650,25,3,,,5557.jpg
calligraphe cahier pique polypro poesie & chant 17x22cm 48p r,,papeterie,,pc,500,500,185,19,,,5558.jpg
cahier pique 17*22 gris 48p seyes 90g 8000 polypro,,papeterie,,pc,500,500,39,4,,,5559.jpg
cahier pique 17*22 violet 48p seyes 8000 polypro,,papeterie,,pc,500,500,100,10,,,5560.jpg
calligraphe lot de 10 cahiers pique polypro 17x22 cm 48 p seyes 90g rouge,,papeterie,,pc,450,450,99,10,,,5561.jpg
cahier pique 17*22 orange 48p seyes 8000 polypro,,papeterie,,pc,500,500,2,1,,,5562.jpg
calligraphe lot de 5 cahiers pique polypro 17x22 cm 48 p seyes 90g rose,,papeterie,,pc,450,450,11,2,,,5563.jpg
cahier pique 17*22 jaune 48p seyes 8000 polypro,,papeterie,,pc,400,400,85,9,,,5564.jpg
calligraphe cahier pique polypro 17x22 cm 48 p seyes 90g vert,,papeterie,,pc,450,450,8,1,,,5565.jpg
cahier pique 17*22 bleu 48p seyes 8000 polypro,,papeterie,,pc,500,500,798,80,,,5566.jpg
calligraphe cahier pique polypro 17x22 cm 32 p seyes ecriture dl3 mmiv 90g violet,,papeterie,,pc,400,400,13,2,,,5567.jpg
cahier pique 17*22 orange 32p seyes 8000 polypro,,papeterie,,pc,400,400,65,7,,,5569.jpg
calligraphe lot de 20 cahiers pique polypro 17x22 cm 32 p seyes 90g jaune,,papeterie,,pc,400,400,120,12,,,5570.jpg
calligraphe lot de 20 cahiers pique polypro 17x22 cm 32 p seyes 90g vert,,papeterie,,pc,400,400,161,17,,,5571.jpg
"calligraphe couv polypro, ecriture cahier pique bleu 17x22cm 32p seyes2,5mm 90g",,papeterie,,pc,400,400,231,24,,,5572.jpg
cahier pique 24*32 gris 96p seyes 8000 polypro,,papeterie,,pc,1450,1450,27,3,,,5573.jpg
calligraphe cahier pique polypro 24x32 cm 96p seyes 90g orange,,papeterie,,pc,1450,1450,11,2,,,5574.jpg
calligraphe cahier pique polypro 24x32 cm 96p seyes 90g violet,,papeterie,,pc,1200,1200,68,7,,,5575.jpg
cahier pique 24*32 rose 96p seyes 8000 polypro,,papeterie,,pc,1300,1300,6,1,,,5576.jpg
bloc triomphe a4 50f ligne 90g,,papeterie,,pc,3350,3350,66,7,,,5580.jpg
les fables de la fontaine cahier pique 17x22 96p seyes 6 fables ass.,,papeterie,,pc,1100,1100,152,16,,,5581.jpg
cahier pique double ligne 2mm 17*22 32p ligne+marge 90g,,papeterie,,pc,275,275,200,20,,,5583.jpg
cahier pique 24*32 140p incolore 90g 8000 polypro seyes,,papeterie,,pc,1900,1900,46,5,,,5587.jpg
cahier pique 24*32 140p rouge 90g 8000 polypro seyes,,papeterie,,pc,1850,1850,5,1,,,5589.jpg
cahier pique 24*32 140p vert 90g 8000 polypro seyes,,papeterie,,pc,1850,1850,10,1,,,5590.jpg
cahier pique 24*32 140p bleu 90g 8000 polypro seyes,,papeterie,,pc,2000,2000,8,1,,,5591.jpg
calligraphe lot de 5 cahiers pique polypro 17x22 cm 140 p seyes 90g incolore,,papeterie,,pc,1200,1200,20,2,,,5592.jpg
cahier double 2.5mm 17*22 bleu 32p seyes 10 10 8000 polypro,,papeterie,,pc,400,400,44,5,,,5597.jpg
cahier double ligne 3mm 17*22 vert 32p 8000 polypro,,papeterie,,pc,500,500,109,11,,,5598.jpg
calligraphe lot de 10 cahiers pique polypro 17x22 cm 48 p seyes 90g jaune,,papeterie,,pc,500,500,40,4,,,5600.jpg
calligraphe cahier de textes spirale polypro 17x22 124p seyes 70g (assortis),,papeterie,,pc,1650,1650,40,4,,,5601.jpg
cahier de dessin pique 24*32 96p 120g 8000 polypro uni,,papeterie,,pc,1900,1900,14,2,,,5602.jpg
carnet pique 110*170 96p 90g 8000 polypro q5,,papeterie,,pc,700,700,15,2,,,5603.jpg
calligraphe cahier pique polypro poesie & chant 17x22cm 48p r,,papeterie,,pc,500,500,40,4,,,5604.jpg
cahier colle a4 288p 70g seyes,,papeterie,,pc,3850,3850,6,1,,,5605.jpg
"oxford, 1 agenda semainier voyage aout 2014 a sept 2015, 09x17cm, plusieurs couleurs disponibles",,papeterie,,pc,5800,5800,20,2,,,5610.jpg
repertoire spirale  a4 180 pages 5*5,,papeterie,,pc,4550,4550,37,4,,,5625.jpg
feuille mobile a-p a4 rose 70grs  paquet 50 seyes,,papeterie,,pc,1450,1450,318,32,,,5626.jpg
feuille mobile a-p a4 bleu 70grs  paquet 50 seyes,,papeterie,,pc,1450,1450,477,48,,,5627.jpg
feuille mobile a-p a4 vert paquet 50 seyes,,papeterie,,pc,1500,1500,364,37,,,5628.jpg
cahier de dessin 17*22 16pages 90grs uni,,papeterie,,pc,500,500,3,1,,,5629.jpg
cahier pique 17*22 140pages 70grs seyes,,papeterie,,pc,900,900,125,13,,,5630.jpg
cahier pique 24*32 48 pages 90grs seyes vert polypro,,papeterie,,pc,1300,1300,751,76,,,5631.jpg
cahier pique 24*32. 48pages polypropylene rouge 90grs seyes,,papeterie,,pc,850,850,719,72,,,5632.jpg
cahier pique 24*32. 48pages polypropylene jaune 90grs seyes,,papeterie,,pc,850,850,801,81,,,5633.jpg
cahier spirale 17*22. 100pages 70grs seyes,,papeterie,,pc,1350,1350,1,1,,,5636.jpg
cahier pique 17*22 96pages incolore 90grs seyes,,papeterie,,pc,800,800,2551,256,,,5638.jpg
cahier pique a4 96pages 70grs q5*5,,papeterie,,pc,900,900,1,1,,,5640.jpg
repertoire broche remborde a4 192pages q5*5 90grs,,papeterie,,pc,8650,8650,104,11,,,5641.jpg
agenda caisse perpetuel grain noir,,papeterie,,pc,7000,7000,1,1,,,5642.jpg
cahier colle  a4 192pages q5*5,,papeterie,,pc,1500,1500,2,1,,,5643.jpg
cahier broche 17*22 384pages seyes,,papeterie,,pc,800,800,14,2,,,5645.jpg
recharge exatime 17 fiche client,,papeterie,,pc,3450,3450,7,1,,,5646.jpg
cahier colle 17*22 seyes 288pages,,papeterie,,pc,800,800,6,1,,,5648.jpg
cahier pique 17*22 32pages seyes 70grs,,papeterie,,pc,300,300,686,69,,,5653.jpg
agenda manager repertoire fr soho noir ebene,,papeterie,,pc,18000,18000,5,1,,,5659.jpg
feuille mobile 17*22 80grs 100pages jaune seyes  paquet 50 s-film 7884c,,papeterie,,pc,850,850,13,2,,,5660.jpg
copie double perforee a4 120pages 70grs  seyes paquet 60 s-film,,papeterie,,pc,1250,1250,25,3,,,5661.jpg
feuille mobile a4 80grs 100pages seyes rose paquet 50 s-film,,papeterie,,pc,1250,1250,2,1,,,5662.jpg
carnet repertoire pique 9*14  301-04 96pages,,papeterie,,pc,1600,1600,41,5,,,5665.jpg
protege cahier 24*32 luxe vert clair   515 16,,papeterie,,pc,1000,1000,16,2,,,5666.jpg
carnet repertoire integrale 110*170 180 pages q5*5   90grs,,papeterie,,pc,3250,3250,10,1,,,5668.jpg
carnet pique 9*14 96pages q5*5 70grs   nf6 68c,,papeterie,,pc,450,450,34,4,,,5669.jpg
carnet broche 90*140. 192 q5*5   90g,,papeterie,,pc,2350,2350,3,1,,,5670.jpg
cahier pique 24*32 96p seyes,,papeterie,,pc,1100,1100,96,10,,,5671.jpg
protege cahier a4 orange     011019-orange,,papeterie,,pc,490,490,2267,227,,,5672.jpg
rouleau papier soie 50*75cm 954***,,papeterie,,pc,1550,1550,1157,116,,,5673.jpg
agenda travers asstis,,papeterie,,pc,5700,5700,10,1,,,5676.jpg
fiche bristol a4 blanc paquet100,,papeterie,,pc,4500,4500,12,2,,,5679.jpg
protege cahier 17*22 violet,,papeterie,,pc,200,200,1318,132,,,5680.jpg
protege cahier 17*22 vert fonce,,papeterie,,pc,200,200,1284,129,,,5681.jpg
protege cahier 17*22 jaune,,papeterie,,pc,200,200,1327,133,,,5682.jpg
cahier oxford spirale 170*220 180p 90g seyes polypro,,papeterie,,pc,3900,3900,67,7,,,5695.jpg
protege cahier 24*32 luxe rouge,,papeterie,,pc,700,700,214,22,,,5698.jpg
protege cahier 24*32 luxe jaune,,papeterie,,pc,700,700,265,27,,,5699.jpg
protege cahier 24*32 luxe bleu fonce515-04,,papeterie,,pc,700,700,115,12,,,5700.jpg
cahier pique 17*22 32pages 90grs seyes,,papeterie,,pc,300,300,167,17,,,5701.jpg
mouilleur 68mm ecolier teinte  eponge plastique,,papeterie,,pc,250,250,2273,228,,,5702.jpg
agenda eurequart 24*30         impala assorties,,papeterie,,pc,15000,15000,1,1,,,5703.jpg
agenda direction 24*24.   impala noir,,papeterie,,pc,16500,16500,15,2,,,5704.jpg
carnet repertoire spirale 11*17 180pages,,papeterie,,pc,3400,3400,62,7,,,5705.jpg
repertoire pique 17*22. 120pages 5*5,,papeterie,,pc,2500,2500,28,3,,,5706.jpg
feuille mobile a-p a4 jaune 70grs paquet 50 seyes,,papeterie,,pc,1450,1450,330,33,,,5707.jpg
feuille mobile a-p 17*22 blanc 90grs paquet 100 seyes,,papeterie,,pc,2150,2150,31,4,,,5708.jpg
feuille mobile a-p 17*22 rose 70grs paquet 50 seyes,,papeterie,,pc,1500,1500,101,11,,,5709.jpg
copie double a-p a4 70g 200pages paquet 50 seyes,,papeterie,,pc,1950,1950,356,36,,,5710.jpg
copie double a-p 17*22 70grs 200pages paquet 50 seyes,,papeterie,,pc,1100,1100,1163,117,,,5711.jpg
carnet spirale 148*210 180pages  q5*5    78-453,,papeterie,,pc,1950,1950,2,1,,,5713.jpg
carnet pique 11*17 96pages q5*5,,papeterie,,pc,650,650,235,24,,,5714.jpg
cahier travaux pratiques spirale a4 80pages 70-120grs seyes-uni,,papeterie,,pc,1900,1900,6,1,,,5715.jpg
cahier travaux pratiques pique 24*32. 120pages70-120grs seyes-uni,,papeterie,,pc,2050,2050,1987,199,,,5716.jpg
ephemeride date gauche bloc,,papeterie,,pc,1500,1500,796,80,,,5717.jpg
cahier spirale 24*32 180pages 70grs seyes,,papeterie,,pc,4450,4450,65,7,,,5719.jpg
cahier spirale 24*32 180pages 70grs  q5*5,,papeterie,,pc,4350,4350,103,11,,,5720.jpg
cahier spirale a4 180pages 70grs seyes,,papeterie,,pc,2200,2200,36,4,,,5721.jpg
cahier spirale a4 100pages 70grs q5*5,,papeterie,,pc,1950,1950,1,1,,,5722.jpg
cahier spirale 17*22 180pages 70grs seyes,,papeterie,,pc,2200,2200,1,1,,,5723.jpg
cahier de dessin 17*22. 16pages 88grs q10*10,,papeterie,,pc,500,500,4,1,,,5724.jpg
cahier broche 24*32 192pages 70grs seyes,,papeterie,,pc,3700,3700,710,71,,,5725.jpg
cahier broche 24*32 192pages 70grs q5*5,,papeterie,,pc,3900,3900,726,73,,,5726.jpg
cahier broche a4 192pages 70grs seyes,,papeterie,,pc,2600,2600,652,66,,,5728.jpg
cahier broche a4 192pages 70grs q5*5,,papeterie,,pc,2600,2600,906,91,,,5729.jpg
cahier broche 17*22 288pages 70grs seyes,,papeterie,,pc,2950,2950,7198,720,,,5730.jpg
cahier pique 24*32 96pages 70grs q5*5,,papeterie,,pc,900,900,145,15,,,5731.jpg
cahier pique 24*32 192pages 70grs q5*5,,papeterie,,pc,2300,2300,73,8,,,5732.jpg
cahier de dessin 24*32 16p 120g uni,,papeterie,,pc,1500,1500,57,6,,,5734.jpg
cahier pique a4 192pages 70grs seyes,,papeterie,,pc,1700,1700,628,63,,,5737.jpg
cahier de musique 17*22 48pages 70grs seyes,,papeterie,,pc,750,750,238,24,,,5738.jpg
cahier pique double ligne 3mm 17*22 32 pages 70grs,,papeterie,,pc,250,250,3706,371,,,5739.jpg
cahier pique double ligne 2mm 17*22 32 pages 70grs,,papeterie,,pc,250,250,969,97,,,5740.jpg
cahier pique 17*22. 192pages 70grs seyes,,papeterie,,pc,1150,1150,504,51,,,5741.jpg
cahier pique 17*22 96pages seyes,,papeterie,,pc,200,200,62,7,,,5744.jpg
cahier pique 17*22 32 pages double ligne 3mm,,papeterie,,pc,150,150,1082,109,,,5745.jpg
carnet repertoire spirale 17*22   404-04 180pages 5*5,,papeterie,,pc,4100,4100,246,25,,,5746.jpg
cahier pique 17*22 96pages polypropylene gris 90grs seyes,,papeterie,,pc,800,800,2097,210,,,5747.jpg
cahier spirale 24*32 180pages seyes  polypropylene,,papeterie,,pc,6000,6000,3,1,,,5754.jpg
protege cahier 17*22 incolore,,papeterie,,pc,100,100,60,6,,,5757.jpg
cahier dessin 24*32. 16pages 120grs,,papeterie,,pc,1250,1250,5,1,,,5758.jpg
cahier pique 24*32 70grs 192pages seyes,,papeterie,,pc,1850,1850,1,1,,,5760.jpg
cahier travaux pratiques pique 17*22 64pages 70-90grs seyes+uni,,papeterie,,pc,500,500,159,16,,,5763.jpg
cahier pique 24*32 96pages 90grs q5*5,,papeterie,,pc,1400,1400,54,6,,,5764.jpg
cahier pique 17*22 48pages 70grs seyes,,papeterie,,pc,300,300,67,7,,,5765.jpg
cahier pique 17*22 96pages 70grs seyes,,papeterie,,pc,450,450,2,1,,,5766.jpg
cahier colle 17*22 70grs 288pages seyes,,papeterie,,pc,1750,1750,24,3,,,5767.jpg
cahier colle 17*22. 192pages seyes 70grs,,papeterie,,pc,1000,1000,1,1,,,5769.jpg
cahier pique 17*22 32pages dl3mm-10 seyes  90grs,,papeterie,,pc,300,300,540,54,,,5776.jpg
agenda bureau couleur,,papeterie,,pc,3100,3100,9,1,,,5777.jpg
cahier pique a4 jaune 96pages seyes polypropylene,,papeterie,,pc,1050,1050,9,1,,,5778.jpg
cahier pique 24*32. 96pages incolore seyes 8000 polypropylene,,papeterie,,pc,1300,1300,8,1,,,5779.jpg
cahier colle a4 192pages 70grs q5*5,,papeterie,,pc,2400,2400,176,18,,,5780.jpg
repertoire broche remborde 75*120. 120pages q5*5,,papeterie,,pc,4800,4800,40,4,,,5782.jpg
cahier canson 17*22. 64pages ( poesie+chant) 120grs,,papeterie,,pc,1550,1550,10,1,,,5783.jpg
agendascop 30*10 assortis,,papeterie,,pc,8600,8600,36,4,,,5788.jpg
cahier pique 17*22 32pages dl3mm,,papeterie,,pc,150,150,5,1,,,5789.jpg
cahier pique 17*22 seyes 192pages 60grs,,papeterie,,pc,450,450,3,1,,,5790.jpg
cahier pique 17*22 seyes 48pages,,papeterie,,pc,150,150,97521,9753,,,5792.jpg
protege cahier 17*22 jaune,,papeterie,,pc,100,100,338,34,,,5796.jpg
cahier broche a4 288pages 70grs seyes,,papeterie,,pc,3600,3600,3615,362,,,5797.jpg
cahier pique 17*22 96pages polypropylene jaune 90grs seyes,,papeterie,,pc,800,800,4227,423,,,5798.jpg
cahier pique 17*22. 96pages vert 90grs seyes polypropylene,,papeterie,,pc,800,800,4689,469,,,5800.jpg
cahier tp pique 17*22 48pages 70-90grs seyes,,papeterie,,pc,700,700,24,3,,,5801.jpg
cahier broche 17*22 288pages 90grs q5*5,,papeterie,,pc,4950,4950,945,95,,,5802.jpg
cahier pique 17*22 48pages seyes 70grs,,papeterie,,pc,350,350,599,60,,,5803.jpg
cahier pique 17*22 96pages seyes 70grs,,papeterie,,pc,450,450,4980,498,,,5804.jpg
bloc twin adressbook reliure integrale a5 144 pages 80grs,,papeterie,,pc,9600,9600,10,1,,,5805.jpg
organiserbook a+ ligne 6mm,,papeterie,,pc,12400,12400,9,1,,,5807.jpg
bloc filingbook reliure integrale a+ 233*298 200 pages 80grs q5*5,,papeterie,,pc,10900,10900,15,2,,,5808.jpg
bloc activebook reliure integrale  a+ 160 pages 80grs travers,,papeterie,,pc,8600,8600,2,1,,,5809.jpg
bloc notebook reliure integrale a+ 230*297 160 pages q6,,papeterie,,pc,5950,5950,5,1,,,5811.jpg
cahier spirale a4 180pages q5*5,,papeterie,,pc,2100,2100,143,15,,,5812.jpg
feuille de dessin mobile perforee a4 50pages paquet 25 uni,,papeterie,,pc,1300,1300,32,4,,,5814.jpg
copie double n-p a4 200pages 70grs paquet 50 seyes,,papeterie,,pc,1950,1950,3278,328,,,5816.jpg
ardoise velleda 19*26      218           1199000218,,papeterie,,pc,1800,1800,532,54,,,5817.jpg
cahier etudiant a4 192pages seyes colles,,papeterie,,pc,1200,1200,1268,127,,,5818.jpg
cahier etudiant a4 192pages  colle q5*5,,papeterie,,pc,1000,1000,1149,115,,,5819.jpg
craie l'etui 10 assortis robercolor,,papeterie,,pc,650,650,378,38,,,5820.jpg
craie l'etui 10 blanc robercolor,,papeterie,,pc,450,450,31,4,,,5821.jpg
cahier broche 17*22 192pages 70grs q5-5,,papeterie,,pc,1800,1800,114,12,,,5822.jpg
cahier broche 17*22 192pages seyes 70grs,,papeterie,,pc,1800,1800,4336,434,,,5823.jpg
cahier repertoire pique a4 96pages q5*5,,papeterie,,pc,4350,4350,40,4,,,5824.jpg
sac transparent ldf 45*40cm,,papeterie,,pc,1500,1500,3422,343,,,5828.jpg
cahier de texte pique 124pages 17*22 q5*5.,,papeterie,,pc,1700,1700,232,24,,,5830.jpg
cahier travaux pratiques pique 17*22 96pages seyes 70-90grs,,papeterie,,pc,650,650,347,35,,,5831.jpg
carnet pique 148*210 q5*5 96pages  63682c,,papeterie,,pc,1550,1550,115,12,,,5832.jpg
feuille mobile 17*22 80grs 100pages seyes  paquet 50 s-film 2076c,,papeterie,,pc,850,850,170,17,,,5834.jpg
feuille mobile a4 80grs 100pages seyes jaune paquet 50 s-film,,papeterie,,pc,1300,1300,9,1,,,5835.jpg
feuille mobile a4 80grs 100pages seyes vert paquet 50 s-film,,papeterie,,pc,1250,1250,29,3,,,5836.jpg
feuille mobile 17*22. 200pages 90grs seyes  paquet 100 s-film,,papeterie,,pc,1500,1500,978,98,,,5837.jpg
cahier pique a4 192pages 70grs q5*5,,papeterie,,pc,1700,1700,5,1,,,5839.jpg
cahier pique 17*22 32pages 70grs seyes nf04,,papeterie,,pc,200,200,49,5,,,5840.jpg
cahier pique 24*32 192pages 70grs q5*5,,papeterie,,pc,2100,2100,26,3,,,5841.jpg
cahier pique 17*22 140pages 70grs seyes,,papeterie,,pc,700,700,156,16,,,5843.jpg
cahier colle a4 192pages 70grs seyes,,papeterie,,pc,2850,2850,906,91,,,5844.jpg
cahier colle 17*22 192pages 70grs seyes nf18,,papeterie,,pc,1850,1850,207,21,,,5845.jpg
cahier pique 24*32 192pages 70grs seyes,,papeterie,,pc,2100,2100,121,13,,,5846.jpg
cahier colle 24*32 192pages 70grs seyes,,papeterie,,pc,3000,3000,201,21,,,5847.jpg
cahier pique 17*22 48pages 70grs seyes nf08,,papeterie,,pc,250,250,105,11,,,5848.jpg
protege cahier 17*22 vert clair,,papeterie,,pc,200,200,1216,122,,,5850.jpg
protege cahier 17*22 orange,,papeterie,,pc,200,200,1353,136,,,5851.jpg
protege cahier 17*22 noir,,papeterie,,pc,300,300,127,13,,,5852.jpg
protege cahier 17*22 bleu clair,,papeterie,,pc,200,200,1595,160,,,5853.jpg
socle+bloc planning stirpol fume,,papeterie,,pc,23000,23000,4,1,,,5854.jpg
rouleau plastique 70*200 assortis  b-j-r-v 5-100me,,papeterie,,pc,1000,1000,4808,481,,,5855.jpg
rouleau plastique 0.70*2m incolore 5-100me,,papeterie,,pc,1000,1000,10226,1023,,,5856.jpg
protege cahier a4 jaune    101310 15,,papeterie,,pc,490,490,7470,747,,,5857.jpg
protege cahier a4 vert fonce  101347 15,,papeterie,,pc,490,490,3736,374,,,5858.jpg
carnet repertoire pique 11*17   96pages,,papeterie,,pc,2300,2300,52,6,,,5859.jpg
feuille mobile a-p 17*22 bleu paquet 50 seyes,,papeterie,,pc,1500,1500,114,12,,,5860.jpg
feuille mobile a-p 17*22 vert paquet 50 seyes,,papeterie,,pc,1500,1500,155,16,,,5861.jpg
feuillle mobile a-p 17*22 jaune paquet 50 seyes,,papeterie,,pc,1500,1500,137,14,,,5862.jpg
craie boite 100 blanc robercolor,,papeterie,,pc,1950,1950,5349,535,,,5863.jpg
ardoise naturelle 18*26 cadre bois,,papeterie,,pc,1850,1850,4,1,,,5864.jpg
craie boite 100 assorties robercolor,,papeterie,,pc,3600,3600,271,28,,,5865.jpg
protege cahier 24*32 luxe violet sms,,papeterie,,pc,1600,1600,211,22,,,5866.jpg
protege cahier 24*32 luxe noir,,papeterie,,pc,800,800,30,3,,,5867.jpg
protege cahier 24*32 luxe orange    515 10,,papeterie,,pc,1000,1000,1,1,,,5868.jpg
copie double a-p 17*22 seyes 96pages,,papeterie,,pc,310,310,17,2,,,5870.jpg
carnet spirale 11*17 100pages  76-452,,papeterie,,pc,650,650,179,18,,,5871.jpg
cahier spirale a4 180pages 70grs q5*5 nf64,,papeterie,,pc,1750,1750,11,2,,,5873.jpg
cahier spirale a4 180pages 70grs seyes nf66,,papeterie,,pc,1950,1950,43,5,,,5874.jpg
cahier spirale a4 100pages 70grs q5*5,,papeterie,,pc,1200,1200,84,9,,,5875.jpg
cahier spirale 24*32 180pages 70grs seyes,,papeterie,,pc,3800,3800,82,9,,,5876.jpg
cahier spirale 17*22 180pages 70grs seyes,,papeterie,,pc,1250,1250,46,5,,,5877.jpg
carnet repertoire broche a4 192pages q5*5 90grs  9149c,,papeterie,,pc,8950,8950,118,12,,,5878.jpg
carnet repertoire broche 17*22 192 pages q5*5   90grs           9649c,,papeterie,,pc,5150,5150,30,3,,,5879.jpg
copie double perforee 17*22 120pages 70grs  seyes s-film,,papeterie,,pc,950,950,87,9,,,5881.jpg
carnet spirale.95*140 180pages q5*5    90grs            8502c,,papeterie,,pc,1750,1750,3,1,,,5882.jpg
carnet repertoire integrale 9*14 100 pages q5*5 70grs,,papeterie,,pc,1600,1600,11,2,,,5885.jpg
carnet repertoire integrale.75*120 100 pages q5*5    90grs          8589c,,papeterie,,pc,2350,2350,37,4,,,5886.jpg
carnet repertoire integrale 148*210 180 pages q5*5   90grs,,papeterie,,pc,4250,4250,21,3,,,5887.jpg
carnet repertoire pique 9*14 96pages q5*5 70grs   821c,,papeterie,,pc,1000,1000,66,7,,,5888.jpg
carnet repertoire pique 11*17 96pages q5*5 60grs  841c,,papeterie,,pc,1000,1000,31,4,,,5889.jpg
carnet repertoire broche remborbe 17*22 q5*5,,papeterie,,pc,6150,6150,88,9,,,5890.jpg
carnet pique 11*17 96pages q5*5 60grs  nf7 70c,,papeterie,,pc,550,550,15,2,,,5892.jpg
cahier pique 17*22 32 pages double ligne 4mm 90grs seyes,,papeterie,,pc,300,300,76,8,,,5894.jpg
pelotte de laine,,papeterie,,pc,650,650,276,28,,,5895.jpg
"rouleau kraft brun  0,7*3m 0992-100",,papeterie,,pc,1050,1050,190,19,,,5896.jpg
craie blanche etui 10  a100066,,papeterie,,pc,250,250,2878,288,,,5897.jpg
rouleau kraft blanc 1*10m 0992-103,,papeterie,,pc,3860,3860,112,12,,,5898.jpg
socle ephemeride + porte stylo 9166,,papeterie,,pc,6000,6000,17,2,,,5899.jpg
socle ephemeride + pot a crayon 9165,,papeterie,,pc,7300,7300,1,1,,,5900.jpg
copie double  a4 n-p seyes 200pages 70grs paquet 100       2615c,,papeterie,,pc,1650,1650,616,62,,,5905.jpg
cahier pique 17*22 96p seyes nf12 70grs,,papeterie,,pc,450,450,2,1,,,5907.jpg
cahier pique 24*32 96p q5*5 70grs,,papeterie,,pc,1100,1100,37,4,,,5908.jpg
rouleau adhesif 45*100m incolore,,papeterie,,pc,1900,1900,1046,105,,,5909.jpg
rouleau adhesif 45*300 incolore,,papeterie,,pc,5000,5000,1172,118,,,5910.jpg
feuille mobile a4 80grs 100pages seyes bleu paquet 50 s-film,,papeterie,,pc,1300,1300,81,9,,,5913.jpg
cahier de texte pique 17*22 120pages 70grs seyes nf54,,papeterie,,pc,1250,1250,371,38,,,5914.jpg
surligneur jaune et rose spotlier pm,,papeterie,,pc,1350,1350,5,1,,,5924.jpg
surligneur frixion light vert pointe moyenne,,papeterie,,pc,1000,1000,359,36,,,5925.jpg
roller uniball encre the fanthom 0 7mm assorti,,papeterie,,pc,2400,2400,120,12,,,5928.jpg
feutre dessin pochette 12 pointe extra large,,papeterie,,pc,5600,5600,619,62,,,5933.jpg
feutre kid visa pointe large etui 12,,papeterie,,pc,4150,4150,3251,326,,,5935.jpg
pochette 4 articles 20cm petit model,,papeterie,,pc,400,400,8,1,,,5938.jpg
pochette 4 articles petit model blue,,papeterie,,pc,550,550,3,1,,,5942.jpg
gourdes petit format assorties,,papeterie,,pc,5500,5500,7,1,,,5945.jpg
taille crayon too nyos,,papeterie,,pc,700,700,31,4,,,5947.jpg
taille crayon tooth .s.,,papeterie,,pc,700,700,123,13,,,5948.jpg
taille crayon too nyos,,papeterie,,pc,500,500,90,9,,,5949.jpg
crayon a papier evolution hb eco,,papeterie,,pc,160,160,2587,259,,,5950.jpg
stylo bille papermate inkjoy bleu,,papeterie,,pc,200,200,15020,1502,,,5952.jpg
taille crayon plastique a reservoir 2 trous ty001,,papeterie,,pc,550,550,560,56,,,5953.jpg
roller encre gel signo broad 1 mm uni,,papeterie,,pc,2250,2250,1,1,,,5954.jpg
roller encre jetstram sport color 0.7 mm uni,,papeterie,,pc,1750,1750,20,2,,,5956.jpg
roller encre jetstram 1.0 mm uni,,papeterie,,pc,2850,2850,3,1,,,5957.jpg
stylo bille powertank1.0 retractable uni,,papeterie,,pc,2750,2750,1,1,,,5958.jpg
feutre sign pen uni ball,,papeterie,,pc,1500,1500,2,1,,,5959.jpg
barbie new look grande trousse d',,papeterie,,pc,2500,2500,1,1,,,5968.jpg
surligneur laureat vert pointe biseaute,,papeterie,,pc,580,580,401,41,,,5969.jpg
srylo plume ink spicy,,papeterie,,pc,9500,9500,38,4,,,5970.jpg
stylo plume ink metal friandise,,papeterie,,pc,9500,9500,27,3,,,5971.jpg
roller ink metal friandise,,papeterie,,pc,9500,9500,33,4,,,5972.jpg
stylo plume ink pad,,papeterie,,pc,9500,9500,29,3,,,5973.jpg
stylo plume metal music,,papeterie,,pc,9500,9500,45,5,,,5974.jpg
stylo plume metal mythic cars,,papeterie,,pc,9500,9500,30,3,,,5975.jpg
roller metal myhtic cars,,papeterie,,pc,9500,9500,26,3,,,5976.jpg
roller metal london trip,,papeterie,,pc,9500,9500,60,6,,,5977.jpg
stylo plume metal newyork city,,papeterie,,pc,9500,9500,33,4,,,5978.jpg
roller ink metal newyork  city,,papeterie,,pc,9500,9500,32,4,,,5979.jpg
roller metal mini diabless,,papeterie,,pc,9500,9500,24,3,,,5980.jpg
stylo plume metal vegetal,,papeterie,,pc,9500,9500,15,2,,,5981.jpg
roller metal mini vegetal,,papeterie,,pc,9500,9500,33,4,,,5982.jpg
stylo plume metal mini mots cr,,papeterie,,pc,9500,9500,16,2,,,5983.jpg
stylo bic crystal rouge pointe fine,,papeterie,,pc,200,200,1050,105,,,5984.jpg
"1 stylo a encre gel effa""",,papeterie,,pc,1850,1850,7,1,,,5989.jpg
stylo bille reynolds noir pointe moyenne  055,,papeterie,,pc,250,250,150,15,,,5991.jpg
pilot coupe stylo bille pointe moyenne rouge,,papeterie,,pc,14450,14450,73,8,,,5993.jpg
pilot frixion point set de 3 recharges pour roller encre gel thermosensible pointe fine bleu,,papeterie,,pc,1250,1250,66,7,,,5994.jpg
waterman s0954850 blister de 2 recharges roller a pointe fine en encre noir,,papeterie,,pc,1250,1250,107,11,,,5995.jpg
pilot plumix neon stylo-plume pointe moyenne vert citron,,papeterie,,pc,6500,6500,27,3,,,5996.jpg
"stylo roller encre gel g2 buzz -0.7 - rouge""""",,papeterie,,pc,1850,1850,23,3,,,5997.jpg
roller encre gel bleu pointe extra fine maica,,papeterie,,pc,1800,1800,1,1,,,5998.jpg
roller encre gel noir pointe extra fine maica,,papeterie,,pc,1800,1800,40,4,,,6000.jpg
roller g-2 metalic 0.7,,papeterie,,pc,1700,1700,79,8,,,6001.jpg
roller encre gel g-1grip argent pointe large,,papeterie,,pc,1100,1100,10,1,,,6003.jpg
stylo frixion light jaune pointe moyenne,,papeterie,,pc,1000,1000,320,32,,,6005.jpg
stylo frixion light rose pointe moyenne,,papeterie,,pc,1000,1000,394,40,,,6006.jpg
pilot frixion point set de 3 recharges pour roller encre gel thermosensible pointe fine rouge,,papeterie,,pc,1800,1800,47,5,,,6007.jpg
roller encre liquide rouge v-ball 0.5 pointe fine,,papeterie,,pc,1450,1450,14,2,,,6009.jpg
"pilot hi-tecpoint bx-v7 lot de 12 stylo roller pointe tubulaire 0,7 mm encre liquide bleu",,papeterie,,pc,1700,1700,33,4,,,6010.jpg
"pilot v-ball grip lot de 12 stylo roller pointe metal 0,5 mm encre liquide bleue + grip confort",,papeterie,,pc,1700,1700,21,3,,,6012.jpg
"pilot v-ball grip lot de 12 stylo roller pointe metal 0,5 mm encre liquide noire + grip confort",,papeterie,,pc,1400,1400,3,1,,,6013.jpg
papermate reynolds stylo a plume assortiment de couleurs lot de 4,,papeterie,,pc,4800,4800,177,18,,,6015.jpg
marker stabilo effacable a sec rouge pointe biseau,,papeterie,,pc,500,500,324,33,,,6016.jpg
marker stabilo effacable a sec vert pointe biseau,,papeterie,,pc,500,500,2526,253,,,6017.jpg
stylo bille retractable assorti tropikana  pointe fine,,papeterie,,pc,300,300,76,8,,,6018.jpg
gomme triangulaire stabilo assorti,,papeterie,,pc,150,150,1777,178,,,6020.jpg
stylo bille stabilo liner retractable pointe fine assorti,,papeterie,,pc,250,250,1,1,,,6021.jpg
stylo bille stabilo tropikana pointe fine,,papeterie,,pc,250,250,255,26,,,6022.jpg
marker stabilo effacable a sec noir pointe ogive,,papeterie,,pc,900,900,87,9,,,6027.jpg
marker stabilo effacable a sec vert pointe ogive,,papeterie,,pc,800,800,4249,425,,,6028.jpg
exacompta serodo boite de 25 baguettes a relier manuelles 6 mm bleu clair,,papeterie,,pc,200,200,5062,507,,,6029.jpg
compas a tableau plastiq+adaptateur,,papeterie,,pc,9200,9200,1,1,,,6031.jpg
colle bic glue stick 21g,,papeterie,,pc,1100,1100,353,36,,,6032.jpg
regle metalique 40cm,,papeterie,,pc,3500,3500,74,8,,,6037.jpg
ac   dc - lot de 4 crayons a papier avec gomme,,papeterie,,pc,2500,2500,191,20,,,6041.jpg
rubafix 572200 toile adhesif mille 38 mm x 3 m - bleu,,papeterie,,pc,4550,4550,10,1,,,6042.jpg
bolduc lisse 500m*7mm turquoise,,papeterie,,pc,3400,3400,2,1,,,6043.jpg
bolduc lisse 500m*7mm vert bouteille,,papeterie,,pc,3400,3400,19,2,,,6044.jpg
bolduc lisse 500m*7mm vert clair,,papeterie,,pc,3400,3400,11,2,,,6045.jpg
bolduc lisse 500m*7mm vert premium,,papeterie,,pc,3000,3000,26,3,,,6046.jpg
bolduc lisse 500m*7mm jaune citron,,papeterie,,pc,3000,3000,8,1,,,6047.jpg
dessin c a grain blanc 180g 24*32 pochette 12f,,papeterie,,pc,3500,3500,1,1,,,6053.jpg
feutre duo,,papeterie,,pc,3800,3800,107,11,,,6057.jpg
stylo bille schneider pointe moyenne noir,,papeterie,,pc,150,150,1773,178,,,6058.jpg
stylo bille schneider pointe moyenne bleu,,papeterie,,pc,150,150,35957,3596,,,6060.jpg
surligneur briteliner text jaune,,papeterie,,pc,650,650,801,81,,,6061.jpg
machine a relier pulsar-e,,papeterie,,pc,280850,280850,1,1,,,6068.jpg
baguet a relier 18mm noir,,papeterie,,pc,550,550,3339,334,,,6079.jpg
reliure 32 mm blanc,,papeterie,,pc,500,500,349,35,,,6082.jpg
baguet a relier 15mm incolore,,papeterie,,pc,500,500,2094,210,,,6083.jpg
baguet a relier 12mm noir  029708 065n,,papeterie,,pc,400,400,3,1,,,6085.jpg
couv plastique jaune a4        53770,,papeterie,,pc,100,100,9061,907,,,6102.jpg
reliure 22 m m blanc           53478,,papeterie,,pc,200,200,16,2,,,6104.jpg
couv delta cuir ivoir a4       53700,,papeterie,,pc,100,100,7461,747,,,6108.jpg
reliure 22mm blanc noir  pap,,papeterie,,pc,140,140,50,5,,,6110.jpg
reliure 19mm noir pap,,papeterie,,pc,125,125,89,9,,,6113.jpg
reliure 19 m m blanc           53474,,papeterie,,pc,120,120,120,12,,,6115.jpg
reliure 19 m m bleu            53475,,papeterie,,pc,120,120,22649,2265,,,6116.jpg
reliure 19 m m marron,,papeterie,,pc,100,100,12,2,,,6119.jpg
reliure 14 m m bleu            53467,,papeterie,,pc,100,100,256,26,,,6120.jpg
reliure 14 m m blanc 53466,,papeterie,,pc,100,100,494,50,,,6121.jpg
reliure n,,papeterie,,pc,80,80,145,15,,,6123.jpg
reliure 12.5 m m bleu          53463,,papeterie,,pc,75,75,43431,4344,,,6124.jpg
"reliure 12,5 m m noir        53465",,papeterie,,pc,75,75,3042,305,,,6125.jpg
reliure 08 m m bleu            53455,,papeterie,,pc,60,60,24191,2420,,,6127.jpg
reliure 10 m m noir            53461,,papeterie,,pc,60,60,33915,3392,,,6128.jpg
reliure 08 m m noir            53457,,papeterie,,pc,50,50,2059,206,,,6129.jpg
reliure 06 mm bleu53451,,papeterie,,pc,40,40,47300,4730,,,6132.jpg
reliure 06 mm noir,,papeterie,,pc,40,40,940,94,,,6133.jpg
reliure 06 m m blanc    53450 4028193,,papeterie,,pc,40,40,10622,1063,,,6134.jpg
rech bille maxima noir pf   53501991,,papeterie,,pc,3700,3700,820,82,,,6136.jpg
badge auto plastique clip metal,,papeterie,,pc,810,810,21,3,,,6138.jpg
marker craie chalk ass 8mm pte biseautee,,papeterie,,pc,3500,3500,147,15,,,6142.jpg
roller encre gel signo broad metal 1.0mm,,papeterie,,pc,2525,2525,437,44,,,6143.jpg
porte mine premium 0.5mm,,papeterie,,pc,5400,5400,2,1,,,6144.jpg
roller encre encre gel impactbroad rectrac,,papeterie,,pc,2300,2300,28,3,,,6145.jpg
stylo encre gel signo rectract 0.7mm,,papeterie,,pc,2300,2300,94,10,,,6146.jpg
roller encre liquide vision elite 0.5mm,,papeterie,,pc,2750,2750,59,6,,,6147.jpg
roller encre liquide vision elite 0.8mm,,papeterie,,pc,2850,2850,191,20,,,6148.jpg
roller encre liquide eye needle point 0.5mm vert,,papeterie,,pc,2400,2400,41,5,,,6149.jpg
roller encre liquide eye needle point 0.5mm rouge,,papeterie,,pc,2400,2400,11,2,,,6150.jpg
roller encre liquide eye needle point 0.7mm,,papeterie,,pc,2400,2400,58,6,,,6152.jpg
roller encre liquide eye micro 0.5mm,,papeterie,,pc,2400,2400,74,8,,,6153.jpg
roller encre jesteream noir,,papeterie,,pc,6500,6500,107,11,,,6154.jpg
recharge roller v7 encre liquide bleu pointe moyenne,,papeterie,,pc,1900,1900,2,1,,,6163.jpg
recharge roller v7 encre liquide noir pointe moyenne,,papeterie,,pc,1750,1750,21,3,,,6165.jpg
recharge roller v5 encre liquide noir pointe fine,,papeterie,,pc,1750,1750,15,2,,,6166.jpg
four.tout rectangulaire peace&love,,papeterie,,pc,7300,7300,1,1,,,6167.jpg
four.tout bus,,papeterie,,pc,7300,7300,3,1,,,6168.jpg
carton dessin 52*72    5328-fv,,papeterie,,pc,15500,15500,2,1,,,6172.jpg
stylo plume easy clip chery blister 1,,papeterie,,pc,3450,3450,2,1,,,6173.jpg
recharge stylo energel rechargeable noir,,papeterie,,pc,2200,2200,2,1,,,6176.jpg
