stylo bille retractable moyen  gel noir,,papeterie,,pc,1700,1700,3,1,,,6180.jpg
porte mine stabilo easy ergo pop hb,,papeterie,,pc,5000,5000,146,15,,,6181.jpg
stylo stabilo's move elastic writer,,papeterie,,pc,3800,3800,91,10,,,6183.jpg
porte mine stabilo smart,,papeterie,,pc,4500,4500,329,33,,,6184.jpg
stylo stabilo easy ball (pop),,papeterie,,pc,3500,3500,152,16,,,6185.jpg
feutre stabilo pf mini (88) poch 12,,papeterie,,pc,4950,4950,10,1,,,6187.jpg
feutre stabilo pf (88) zebrui poch 20,,papeterie,,pc,9400,9400,70,7,,,6189.jpg
feutre stabilo pf (88) color parade poch 20,,papeterie,,pc,9950,9950,36,4,,,6190.jpg
mine lumograph hb etui 12,,papeterie,,pc,2850,2850,2,1,,,6197.jpg
doigtiers bleu diam 19mm sachets 12,,papeterie,,pc,2300,2300,2,1,,,6199.jpg
four.tout formes ass relax,,papeterie,,pc,2000,2000,5,1,,,6205.jpg
four.tout world ass,,papeterie,,pc,6550,6550,2,1,,,6206.jpg
gouache liquide bleu turquoise flac 500ml,,papeterie,,pc,2600,2600,6,1,,,6208.jpg
marker velleda mini bic kids poch 6,,papeterie,,pc,3200,3200,212,22,,,6211.jpg
ciseaux 20cm br inox satine,,papeterie,,pc,2250,2250,100,10,,,6213.jpg
boussole orientation 60*140 mm ls,,papeterie,,pc,6250,6250,68,7,,,6219.jpg
feutre dessin poch 12  09456904 pointe moyenne,,papeterie,,pc,3500,3500,263,27,,,6220.jpg
stylo bic select widebody grip  bleu,,papeterie,,pc,5200,5200,12,2,,,6225.jpg
couteau a peindre n,,papeterie,,pc,3750,3750,6,1,,,6230.jpg
couteau a peindre n,,papeterie,,pc,3750,3750,1,1,,,6231.jpg
couteau a peindre n,,papeterie,,pc,3750,3750,10,1,,,6232.jpg
couteau a peindre n,,papeterie,,pc,3750,3750,4,1,,,6233.jpg
"porte mine marsmicro 0,9 775 09",,papeterie,,pc,2250,2250,100,10,,,6235.jpg
nettoyant tableau lumocolor      681,,papeterie,,pc,5450,5450,56,6,,,6238.jpg
"feutre lumoc 0,4mm permanent psf etui 4",,papeterie,,pc,3800,3800,377,38,,,6246.jpg
feutre lumoc np psf     311wp4 etui 4,,papeterie,,pc,3750,3750,5,1,,,6247.jpg
"feutre lumoc 0,6mm pte fine   316wp6",,papeterie,,pc,5250,5250,6,1,,,6248.jpg
rech bille maxima noir pm   53501992,,papeterie,,pc,3650,3650,587,59,,,6251.jpg
rech bille maxima bleu pm      53502,,papeterie,,pc,3650,3650,184,19,,,6252.jpg
brosse a tableau magnetic      j3121,,papeterie,,pc,7500,7500,3,1,,,6253.jpg
marker velleda assortis poch 4          1199001754,,papeterie,,pc,3100,3100,2777,278,,,6254.jpg
flacon a essence 75ml     300001 terebenthine,,papeterie,,pc,2720,2720,51,6,,,6256.jpg
stylo tampon pre encre,,papeterie,,pc,32600,32600,1,1,,,6262.jpg
flacon d'encre bleu 23ml  s0216280,,papeterie,,pc,2350,2350,22,3,,,6264.jpg
marker effacable a sec pointe biseau rouge,,papeterie,,pc,850,850,2,1,,,6266.jpg
"porte mine marsmicro 0,7",,papeterie,,pc,2450,2450,102,11,,,6267.jpg
stylo guichet bille sur socle,,papeterie,,pc,6000,6000,10,1,,,6268.jpg
brosse a tableau,,papeterie,,pc,1200,1200,1534,154,,,6269.jpg
couverture delta cuir bleu clair,,papeterie,,pc,100,100,1191,120,,,6270.jpg
couverture plastique incolore a4 200 microns 53761 ce012080f,,papeterie,,pc,100,100,47637,4764,,,6271.jpg
"reliure 12,5 m m blanc",,papeterie,,pc,75,75,21489,2149,,,6274.jpg
reliure 08 blanc,,papeterie,,pc,50,50,38269,3827,,,6276.jpg
surligneur pointe biseau bleu,,papeterie,,pc,650,650,1,1,,,6277.jpg
feutre lumocolor permanent noir,,papeterie,,pc,900,900,95,10,,,6278.jpg
feutre lumocolor permanent bleu,,papeterie,,pc,900,900,189,19,,,6279.jpg
"calque rouleau 1,10*20m 70 75gr",,papeterie,,pc,25950,25950,1,1,,,6280.jpg
crayon a papier evolution bout gomme 655 hb,,papeterie,,pc,200,200,5633,564,,,6281.jpg
stylo couleur bleu gris bout noir heri,,papeterie,,pc,30500,30500,9,1,,,6282.jpg
stylo a bille heri couleur noir bleu pure avec dessin,,papeterie,,pc,43900,43900,1,1,,,6283.jpg
stylo a bille couleur noir or avec coffret et cachet heri,,papeterie,,pc,77000,77000,2,1,,,6284.jpg
machine a relier comb bind c110,,papeterie,,pc,550000,550000,1,1,,,6285.jpg
etiquette blanche multi-usage a4. 99.1*67.7mm etui de 100,,papeterie,,pc,6000,6000,4,1,,,6287.jpg
etiquette blanche multi-usage a4. 99*38.1mm etui de 100,,papeterie,,pc,6000,6000,4,1,,,6288.jpg
etiquette blanche multi-usage a4. 105*99mm etui de 100,,papeterie,,pc,6000,6000,1,1,,,6289.jpg
etiquette blanche multi-usage a4. 105*50mm etui de 100,,papeterie,,pc,6000,6000,3,1,,,6290.jpg
etiquette blanche multi-usage a4 210*148mm etui de 100,,papeterie,,pc,6000,6000,1,1,,,6291.jpg
etiquette blanche multi-usage a4. 63.5*46.6mm etui de 100,,papeterie,,pc,6000,6000,4,1,,,6292.jpg
etiquette blanche multi-usage a4 70*37mm etui de 100,,papeterie,,pc,7000,7000,1,1,,,6293.jpg
etiquette blanche multi-usage 70*31mm etui de 100,,papeterie,,pc,6000,6000,2,1,,,6294.jpg
enveloppe fuchsia gomme 162*229 120g paquet 20,,papeterie,,pc,5500,5500,161,17,,,6307.jpg
enveloppe gomme blanc 135*210.120g paquet 20,,papeterie,,pc,5250,5250,10,1,,,6311.jpg
enveloppe fuchsia gomme 165*165. 120g paquet 20,,papeterie,,pc,4850,4850,49,5,,,6312.jpg
enveloppe bleu lavande 110*220 adhes 120g paquet 20,,papeterie,,pc,3850,3850,53,6,,,6314.jpg
enveloppe turquoise 110*220 adhes 120g paquet 20,,papeterie,,pc,3850,3850,34,4,,,6315.jpg
enveloppe gomme grqseille 140*140. 120g paquet 20,,papeterie,,pc,3850,3850,139,14,,,6319.jpg
enveloppe ivoire gomme 140*140 120g paquet 20,,papeterie,,pc,3850,3850,61,7,,,6320.jpg
enveloppe capucine 110*220 adhes 120g paquet 20,,papeterie,,pc,3850,3850,73,8,,,6321.jpg
enveloppe ivoire 110*220 adhes 120g paquet 20,,papeterie,,pc,3850,3850,4,1,,,6322.jpg
etiquette blanc 21*12 rl1000,,papeterie,,pc,1150,1150,355,36,,,6333.jpg
"pochette papier vitrail   0992-700 21*29,70",,papeterie,,pc,1550,1550,6,1,,,6334.jpg
pochette air kraft blanc 350*470 та autoc та та620,,papeterie,,pc,600,600,107,11,,,6336.jpg
coffret vide pour carte de visite 82*128,,papeterie,,pc,1100,1100,122,13,,,6337.jpg
etiquette bij avec fil blanc 9*24 lot 100.        000384,,papeterie,,pc,1050,1050,66,7,,,6338.jpg
etiquette bij avec fil blanc  lot  100 13*20000387,,papeterie,,pc,1050,1050,372,38,,,6340.jpg
pochette air kraft blanc 270*360   autoc,,papeterie,,pc,400,400,63,7,,,6341.jpg
pochette air kraft blanc 180*265 та autoc,,papeterie,,pc,200,200,9,1,,,6343.jpg
pochette kraft radio 380*450  7118 1866,,papeterie,,pc,350,350,1258,126,,,6344.jpg
pochette air kraft blanc 120*215   autoc        612,,papeterie,,pc,150,150,34,4,,,6345.jpg
enveloppe prestige 215*215        000124,,papeterie,,pc,150,150,200,20,,,6346.jpg
pochette kraft 229*324 a soufflet  90g           001990,,papeterie,,pc,150,150,48,5,,,6347.jpg
enveloppe kraft 280*365     701686,,papeterie,,pc,180,180,565,57,,,6349.jpg
pochette kraft 280 275*365 aut adhes,,papeterie,,pc,175,175,2537,254,,,6350.jpg
enveloppe prestige 190*190        000123,,papeterie,,pc,150,150,75,8,,,6351.jpg
enveloppe kraft 280*365,,papeterie,,pc,125,125,2124,213,,,6353.jpg
enveloppe prestige 163*205  000173,,papeterie,,pc,120,120,13,2,,,6354.jpg
enveloppe blanche aut adhes 229*324,,papeterie,,pc,75,75,992,100,,,6356.jpg
enveloppe kraft aut adhes 229*324,,papeterie,,pc,50,50,260,26,,,6357.jpg
pochette blanche auto adhes a fenetre 229*324,,papeterie,,pc,60,60,8533,854,,,6359.jpg
enveloppe kraft 229*324,,papeterie,,pc,70,70,250,25,,,6360.jpg
pochette blanche aut adhes 229*324,,papeterie,,pc,90,90,29031,2904,,,6361.jpg
enveloppe kraft 229*324     pfenv229x324k,,papeterie,,pc,95,95,5790,579,,,6363.jpg
enveloppe blanche  aut adhes  162*229 10661          21876,,papeterie,,pc,40,40,7385,739,,,6366.jpg
enveloppe kraft 16*22 n a 1441662,,papeterie,,pc,60,60,8489,849,,,6367.jpg
enveloppe kraft 162*229     001662 a5,,papeterie,,pc,45,45,384,39,,,31980.jpg
enveloppe kraft aut adhes 176*250,,papeterie,,pc,30,30,526,53,,,6371.jpg
enveloppe avion aut adhes 110*220  bbr,,papeterie,,pc,50,50,450,45,,,6373.jpg
enveloppe blanche auto adhes dl 110*220,,papeterie,,pc,30,30,168726,16873,,,6376.jpg
enveloppe blanche aut adhes fenetre 11*22  a bande 1571,,papeterie,,pc,25,25,2508,251,,,6377.jpg
enveloppe blanche auto adhes c6  114*162,,papeterie,,pc,30,30,125895,12590,,,6380.jpg
enveloppe kern 114*229 af 45*100  701598,,papeterie,,pc,20,20,4825,483,,,6381.jpg
enveloppe kraft 114*162,,papeterie,,pc,30,30,5911,592,,,6382.jpg
marker permanent vert pointe biseau,,papeterie,,pc,500,500,224,23,,,6386.jpg
colle aerosol spraymount 400ml 7024,,papeterie,,pc,12775,12775,1,1,,,6388.jpg
colle vinylique extra 1kg flacon forte,,papeterie,,pc,4350,4350,22,3,,,6389.jpg
colle flacon 1 l transp.        ct1l,,papeterie,,pc,2600,2600,384,39,,,6390.jpg
colle flacon 1 l blanc          vi1l,,papeterie,,pc,2500,2500,177,18,,,6391.jpg
colle stick  40g bib,,papeterie,,pc,1700,1700,62,7,,,6394.jpg
collle stick bib 40g baton,,papeterie,,pc,1600,1600,235,24,,,6396.jpg
colle blanche jerrycan,,papeterie,,pc,1700,1700,39,4,,,6397.jpg
colle uhu flacon transp 90ml adhes,,papeterie,,pc,2100,2100,337,34,,,6398.jpg
colle flacon 100ml blanc      vi125e,,papeterie,,pc,1100,1100,303,31,,,6400.jpg
colle stick  20g bib 83636,,papeterie,,pc,1100,1100,7,1,,,6401.jpg
colle baton 40gr,,papeterie,,pc,2000,2000,98,10,,,6402.jpg
colle flacon 50gr blanc,,papeterie,,pc,1400,1400,2,1,,,6404.jpg
colle tube universelle 30ml,,papeterie,,pc,1300,1300,12,2,,,6405.jpg
colle baton 20gr,,papeterie,,pc,1150,1150,30,3,,,6406.jpg
colle universelle uhu 33ml,,papeterie,,pc,1200,1200,36,4,,,6407.jpg
colle oceane  flacon bleutee  60g,,papeterie,,pc,800,800,126,13,,,6411.jpg
colle tube universelle 30g,,papeterie,,pc,600,600,46,5,,,6412.jpg
colle tube univers gel. 30ml,,papeterie,,pc,1050,1050,155,16,,,6413.jpg
colle tube univers.30ml,,papeterie,,pc,1100,1100,26,3,,,6414.jpg
colle tube univers.30ml blister      866000,,papeterie,,pc,1750,1750,4,1,,,6415.jpg
colle uhu stick baton,,papeterie,,pc,700,700,751,76,,,6418.jpg
colle pot 50gr blanc,,papeterie,,pc,600,600,227,23,,,6419.jpg
colle tube univers. 30ml sans solvant,,papeterie,,pc,500,500,119,12,,,6422.jpg
colle pot 23gr blancb30,,papeterie,,pc,250,250,136,14,,,6425.jpg
ciseau bureau bp 18 cm,,papeterie,,pc,1950,1950,6,1,,,6429.jpg
surligneur orange pointe biseaute,,papeterie,,pc,550,550,747,75,,,6435.jpg
taille crayon metal 2 trous 851202,,papeterie,,pc,550,550,32,4,,,6436.jpg
marker permanent bleu  pointe biseaute 2211019,,papeterie,,pc,700,700,250,25,,,6437.jpg
marker permanent chisel bleu pointe biseau,,papeterie,,pc,550,550,3,1,,,6440.jpg
"mine 0,7m m b etui 12",,papeterie,,pc,530,530,27,3,,,6443.jpg
crayon de couleur court etui 12. ax-educ,,papeterie,,pc,450,450,427,43,,,6446.jpg
surligneur  rose,,papeterie,,pc,550,550,24,3,,,6447.jpg
roller triplus 0.4mm vert,,papeterie,,pc,550,550,4,1,,,6450.jpg
"recharge stylo diagonal, color exclusive, color light switch et classic",,papeterie,,pc,500,500,80,8,,,6453.jpg
marker permanent rouge pointe biseau py106000,,papeterie,,pc,600,600,50,5,,,6454.jpg
marker permanent  noir 1199230009  pointe biseau 2305,,papeterie,,pc,500,500,70,7,,,6455.jpg
marker permanent  bleu 1199230006  pointe biseau,,papeterie,,pc,500,500,549,55,,,6456.jpg
marker permanent rouge 1199230003 pointe biseau,,papeterie,,pc,500,500,739,74,,,6457.jpg
stylo roller pointe fine vert,,papeterie,,pc,500,500,2019,202,,,6458.jpg
marker permanent vert pointe biseau py106000,,papeterie,,pc,500,500,44,5,,,6459.jpg
stylo roller pointe fine bleu,,papeterie,,pc,500,500,3088,309,,,6460.jpg
"marker permanent artline 0,4   bleu",,papeterie,,pc,790,790,9,1,,,6463.jpg
roller triplus 0.4mm rouge,,papeterie,,pc,750,750,17,2,,,6464.jpg
roller triplus 0.4mm noir,,papeterie,,pc,475,475,33,4,,,6465.jpg
cristal clic  bleu.            850733,,papeterie,,pc,450,450,1,1,,,6467.jpg
cristal clic rouge.            850734,,papeterie,,pc,450,450,257,26,,,6468.jpg
stylo tropikana 338 noir pm,,papeterie,,pc,450,450,6,1,,,6472.jpg
stylo tropikana 338 rouge pm,,papeterie,,pc,450,450,63,7,,,6473.jpg
stylo tropikana 338 vert pm,,papeterie,,pc,450,450,150,15,,,6474.jpg
surligneur stabilo neon rose,,papeterie,,pc,520,520,2,1,,,6477.jpg
surligneur stabilo neon jaune,,papeterie,,pc,580,580,686,69,,,6478.jpg
stylo ballpoint retractable kb113400tc assort,,papeterie,,pc,450,450,144,15,,,6479.jpg
colle bicstick glue,,papeterie,,pc,400,400,2057,206,,,6481.jpg
rouleau adhesif 19*33 rocket eco transparent,,papeterie,,pc,300,300,2482,249,,,6482.jpg
stylo bille pointe fine noir,,papeterie,,pc,400,400,2273,228,,,6483.jpg
stylo bille pointe fine rouge,,papeterie,,pc,400,400,6049,605,,,6484.jpg
stylo bille pointe fine bleu,,papeterie,,pc,400,400,5479,548,,,6485.jpg
surligneur jaune,,papeterie,,pc,380,380,1,1,,,6488.jpg
surligneur paper mate vert   1230448,,papeterie,,pc,380,380,951,96,,,6489.jpg
surligneur paper mate rose   1230426,,papeterie,,pc,380,380,1604,161,,,6490.jpg
surligneur paper mate bleu   1230432,,papeterie,,pc,380,380,755,76,,,6491.jpg
crayon tradition 110-3b,,papeterie,,pc,300,300,1306,131,,,6493.jpg
crayon tradition 110-4b,,papeterie,,pc,300,300,142,15,,,6494.jpg
crayon tradition 110 b,,papeterie,,pc,300,300,355,36,,,6495.jpg
stylo ballpoint excel 828  bleu  pm,,papeterie,,pc,350,350,1172,118,,,6496.jpg
stylo ballpoint excel 828 rouge pm,,papeterie,,pc,350,350,1056,106,,,6497.jpg
crayon tradition 110 2b,,papeterie,,pc,300,300,343,35,,,6498.jpg
stylo ballpoint excel 828 noir pm,,papeterie,,pc,350,350,3217,322,,,6499.jpg
taille crayon metal 1 trou.  851202,,papeterie,,pc,350,350,2,1,,,6501.jpg
crayon noris 120-(2)hb,,papeterie,,pc,250,250,4238,424,,,6502.jpg
"stylo gel ink pen gp527.  0,7 noir",,papeterie,,pc,350,350,547,55,,,6503.jpg
"stylo gel ink pengp527.  0,7 rouge",,papeterie,,pc,350,350,342,35,,,6504.jpg
crayon tradition hb     110 hb,,papeterie,,pc,300,300,5057,506,,,6506.jpg
stylo bille ball 432 noir,,papeterie,,pc,350,350,21,3,,,6510.jpg
correcteur tape  7250,,papeterie,,pc,300,300,11,2,,,6511.jpg
gomme duo plastique pm,,papeterie,,pc,250,250,736,74,,,6513.jpg
"stylo gel ink pen gp725. 0,7 bleu",,papeterie,,pc,300,300,36,4,,,6514.jpg
stylo bille ball 432 f vert,,papeterie,,pc,300,300,1,1,,,6515.jpg
stylo bille stick vert  430m-5 pm,,papeterie,,pc,200,200,4370,437,,,6516.jpg
stylo bille stick rouge 430m-2 pm,,papeterie,,pc,200,200,4257,426,,,6517.jpg
crayon noris         120-(0)2b,,papeterie,,pc,250,250,1846,185,,,6520.jpg
pince double clip 51mm,,papeterie,,pc,150,150,142,15,,,6523.jpg
"stylo gel ink pen gp725 . 0,7 rouge",,papeterie,,pc,300,300,40,4,,,6525.jpg
gomme rasoplast,,papeterie,,pc,250,250,3894,390,,,6526.jpg
porte etiquette (clef) noir,,papeterie,,pc,250,250,10,1,,,6527.jpg
stylo ballpoint liner 808 rouge pm,,papeterie,,pc,300,300,1112,112,,,6528.jpg
stylo ballpoint liner 808 vert pm,,papeterie,,pc,300,300,1511,152,,,6529.jpg
"stylo gel ink pen gp725.  0,7 noir",,papeterie,,pc,300,300,111,12,,,6531.jpg
regle plastique 30cm  rp001,,papeterie,,pc,300,300,1,1,,,6532.jpg
stylo bille ball 432 f bleu,,papeterie,,pc,300,300,4664,467,,,6534.jpg
crayon tradition 110 h,,papeterie,,pc,300,300,197,20,,,6536.jpg
noeud adhesif assortis 630 0099,,papeterie,,pc,150,150,153,16,,,6537.jpg
stylo bic bu2 noir        842596,,papeterie,,pc,250,250,25,3,,,6544.jpg
surligneur assortir hy 231802,,papeterie,,pc,250,250,24,3,,,6545.jpg
feutre hi fi vert 215 pointe fine,,papeterie,,pc,250,250,328,33,,,6547.jpg
stylo bille cello orange,,papeterie,,pc,250,250,151,16,,,6548.jpg
stylo bille cello bleu clair,,papeterie,,pc,250,250,225,23,,,6549.jpg
stylo bille cello rose,,papeterie,,pc,250,250,20,2,,,6551.jpg
gomme plastique gm gm003,,papeterie,,pc,250,250,37,4,,,6553.jpg
feutre hi-fi bleu 215 pointe fine,,papeterie,,pc,500,500,356,36,,,6555.jpg
stylo bille reynolds 048 - pointe moyenne - noir,,papeterie,,pc,200,200,708,71,,,6561.jpg
stylo bille reynolds vert pm        048,,papeterie,,pc,200,200,225,23,,,6562.jpg
crayon a papier gilbert hb,,papeterie,,pc,250,250,2,1,,,6563.jpg
pince double clip 32m-m758325-759322,,papeterie,,pc,700,700,7,1,,,6564.jpg
stylo bille reynolds noir pf        045,,papeterie,,pc,200,200,9,1,,,6565.jpg
stylo cristal fine rouge,,papeterie,,pc,200,200,1057,106,,,6566.jpg
stylo bic orange pointe fine noir  1199110114,,papeterie,,pc,100,100,1096,110,,,6569.jpg
stylo bic orange pointe fine rouge 1199110112,,papeterie,,pc,200,200,221,23,,,6571.jpg
stylo bille reynolds rouge pf        045,,papeterie,,pc,200,200,792,80,,,6573.jpg
stylo lexi full speed ball pens rouge,,papeterie,,pc,200,200,595,60,,,6574.jpg
taille crayon plastique 1 trou,,papeterie,,pc,100,100,2442,245,,,6575.jpg
noeud metal adhesif 635 0099,,papeterie,,pc,255,255,396,40,,,6576.jpg
stylo lexi 5 balle rouge,,papeterie,,pc,175,175,488,49,,,6577.jpg
stylo bille reynolds  rouge pm       048,,papeterie,,pc,200,200,221,23,,,6578.jpg
stylo bille cello rouge,,papeterie,,pc,150,150,979,98,,,6579.jpg
stylo bille cello bleu,,papeterie,,pc,150,150,1,1,,,6580.jpg
stylo bille cello noir,,papeterie,,pc,150,150,168,17,,,6581.jpg
stylo bille 1.2 mm noir,,papeterie,,pc,150,150,10,1,,,6582.jpg
stylo bille reynolds noir pf        049,,papeterie,,pc,150,150,315,32,,,6584.jpg
stylo bille schneider pointe moyenne rouge,,papeterie,,pc,150,150,16193,1620,,,6585.jpg
crayon a papier hjiajia,,papeterie,,pc,150,150,564,57,,,6587.jpg
equerre plastique blue rp002,,papeterie,,pc,150,150,12221,1223,,,6588.jpg
crayon a papier 2b jiajia,,papeterie,,pc,150,150,91790,9179,,,6590.jpg
crayon a papier 5b            jiajia,,papeterie,,pc,150,150,121671,12168,,,6591.jpg
crayon a papier 6b            jiajia,,papeterie,,pc,150,150,119092,11910,,,6592.jpg
crayon a papier 3b            jiajia,,papeterie,,pc,150,150,126015,12602,,,6593.jpg
crayon a papier 4b            jiajia,,papeterie,,pc,150,150,125504,12551,,,6594.jpg
crayon a papier bjiajia,,papeterie,,pc,150,150,132375,13238,,,6595.jpg
stylo bille reynolds vert pointe fine        049,,papeterie,,pc,150,150,330,33,,,6596.jpg
crayon a papier evolution 650hb,,papeterie,,pc,110,110,14801,1481,,,6598.jpg
pochette kraft a fenetre 229*324,,papeterie,,pc,100,100,45,5,,,6599.jpg
stylo lexi plastic ball noir,,papeterie,,pc,100,100,46557,4656,,,6600.jpg
stylo bic cristal bleu pointe moyenne      5130,,papeterie,,pc,100,100,101480,10148,,,6605.jpg
stylo lexi plastique ball vert,,papeterie,,pc,100,100,212,22,,,6606.jpg
stylo bic cristal rouge pointe moyenne,,papeterie,,pc,100,100,51392,5140,,,6607.jpg
stylo bic cristal vert pointe moyenne,,papeterie,,pc,100,100,34859,3486,,,6608.jpg
stylo bic cristal noir pointe moyenne         5130,,papeterie,,pc,100,100,12906,1291,,,6609.jpg
stylo lexi plastique ball rouge,,papeterie,,pc,100,100,5963,597,,,6610.jpg
crayon a papier hb bout gomme,,papeterie,,pc,100,100,223624,22363,,,6612.jpg
gomme plastique mm gm002,,papeterie,,pc,100,100,325,33,,,6613.jpg
gomme technic 300 maped       011300,,papeterie,,pc,100,100,6,1,,,6616.jpg
crayon a papier hb,,papeterie,,pc,100,100,836,84,,,6617.jpg
reliure 08 noir,,papeterie,,pc,60,60,24,3,,,6620.jpg
porte mine graphite,,papeterie,,pc,1950,1950,207,21,,,6622.jpg
stylo hybrid gel grip argent,,papeterie,,pc,2150,2150,84,9,,,6626.jpg
stylo bille retratable rouge,,papeterie,,pc,2150,2150,6,1,,,6627.jpg
stylo frixion point 0.5 noir,,papeterie,,pc,2000,2000,36,4,,,6628.jpg
feutre kid visa pointe fine b12,,papeterie,,pc,2350,2350,1565,157,,,6629.jpg
stylo v5 rt bleu,,papeterie,,pc,1900,1900,51,6,,,6632.jpg
stylo g-2 xs pixie 0.7 rouge,,papeterie,,pc,1400,1400,117,12,,,6633.jpg
stylo v-ball rt 07 noir,,papeterie,,pc,1700,1700,63,7,,,6634.jpg
stylo v5 rt noir,,papeterie,,pc,1750,1750,43,5,,,6636.jpg
stylo v7 rt noir,,papeterie,,pc,1750,1750,77,8,,,6639.jpg
taille crayon laiton 2 usages,,papeterie,,pc,300,300,427,43,,,6642.jpg
recharge stylo bille bleu pm jumbo,,papeterie,,pc,1500,1500,6,1,,,6645.jpg
taille crayon conte a paris  5005856,,papeterie,,pc,2000,2000,214,22,,,6646.jpg
stylo v-ball grip 07  noir   bln-vbg7-b,,papeterie,,pc,1550,1550,15,2,,,6655.jpg
stylo v ball 07 noir,,papeterie,,pc,1450,1450,32,4,,,6658.jpg
recharge stylo bic 0.7 537-730 bleu,,papeterie,,pc,1850,1850,1,1,,,6659.jpg
stylo bille noir begreen  07,,papeterie,,pc,1850,1850,38,4,,,6660.jpg
stylo bille begreen rouge  07,,papeterie,,pc,1850,1850,135,14,,,6662.jpg
stylo correcteur    kk18,,papeterie,,pc,1850,1850,1,1,,,6663.jpg
taille crayon metal 2 trous     506900,,papeterie,,pc,1600,1600,12,2,,,6667.jpg
roller gel retractable kl257 rose,,papeterie,,pc,1800,1800,12,2,,,6670.jpg
marker effacable a sec conique vert,,papeterie,,pc,1800,1800,25,3,,,6672.jpg
marker effacable a sec conique noir,,papeterie,,pc,1800,1800,3,1,,,6673.jpg
marker velleda poch 4 pointe biseau,,papeterie,,pc,1800,1800,153,16,,,6674.jpg
roller gel retractable kl257 rouge,,papeterie,,pc,1800,1800,699,70,,,6675.jpg
cartouche d'encre rose  etui 8,,papeterie,,pc,1750,1750,121,13,,,6682.jpg
cartouche d'encre rouge etui 8,,papeterie,,pc,1750,1750,196,20,,,6683.jpg
cartouche d'encre havane  etui 8,,papeterie,,pc,1750,1750,217,22,,,6684.jpg
roller encre jestream sport 1.00mm,,papeterie,,pc,1750,1750,54,6,,,6686.jpg
colle flacon 125gr blanc,,papeterie,,pc,2150,2150,49,5,,,6689.jpg
recharge rollerbal,,papeterie,,pc,1700,1700,97,10,,,6690.jpg
recharge v7 rt bleu,,papeterie,,pc,1650,1650,92,10,,,6693.jpg
recharge v5 rt noir,,papeterie,,pc,1650,1650,199,20,,,6694.jpg
recharge v5 rt bleu,,papeterie,,pc,1650,1650,105,11,,,6695.jpg
recharge v7 rt noir,,papeterie,,pc,1650,1650,115,12,,,6696.jpg
porte mine rexgrip 0.5 rouge begreen,,papeterie,,pc,1600,1600,1,1,,,6703.jpg
craie plastidecor ass etui 12,,papeterie,,pc,1500,1500,5357,536,,,6704.jpg
cartouche d'encre recharg bleu v5 7 set 3,,papeterie,,pc,1600,1600,54,6,,,6705.jpg
cartouche d'encre recharg  noir v5 7 set 3,,papeterie,,pc,1600,1600,110,11,,,6706.jpg
stylo acroball clip plast fin noir begreen,,papeterie,,pc,1150,1150,30,3,,,6707.jpg
porte mine super grip 0.5 noir,,papeterie,,pc,1300,1300,2,1,,,6722.jpg
stylo bille rexgrip extra large bleu bergreen,,papeterie,,pc,1500,1500,5,1,,,6723.jpg
stylo bille rexgrip extra large noir bergreen,,papeterie,,pc,1500,1500,135,14,,,6724.jpg
stylo bille rexgrip fin rouge bergreen,,papeterie,,pc,1500,1500,129,13,,,6725.jpg
rech stylo sesy orginal pastel,,papeterie,,pc,1500,1500,216,22,,,6726.jpg
stylo bille g-1 grip 07 noir,,papeterie,,pc,1500,1500,12,2,,,6727.jpg
stylo bille rexgrip fin noir bergreen,,papeterie,,pc,1500,1500,165,17,,,6728.jpg
porte mine super grip 07 bleu,,papeterie,,pc,1300,1300,2,1,,,6731.jpg
stylo bille g-1 grip 07 rouge,,papeterie,,pc,1100,1100,85,9,,,6734.jpg
stylo bille vicuna bleu clair,,papeterie,,pc,1550,1550,6,1,,,6736.jpg
stylo bille vicuna orange,,papeterie,,pc,1450,1450,6,1,,,6737.jpg
stylo bille vicuna rose,,papeterie,,pc,1550,1550,23,3,,,6738.jpg
stylo bille vicuna vert,,papeterie,,pc,1450,1450,5,1,,,6739.jpg
stylo bille vicuna rouge,,papeterie,,pc,1450,1450,10,1,,,6740.jpg
stylo bille super grip noir,,papeterie,,pc,1050,1050,97,10,,,6741.jpg
stylo bille super grip pointe moyenne rouge,,papeterie,,pc,1050,1050,11,2,,,6742.jpg
stylo supergrip xs pixie rouge,,papeterie,,pc,1450,1450,95,10,,,6743.jpg
stylo supergrip xs pixie moyen noir,,papeterie,,pc,1450,1450,197,20,,,6744.jpg
surligneur stylo lines fluo s*s assortis,,papeterie,,pc,1400,1400,5,1,,,6746.jpg
stylo bille permaball moyen noir  bl-pb-m-b,,papeterie,,pc,1650,1650,87,9,,,6747.jpg
cartouche encre quink bleu royal etui 5,,papeterie,,pc,1370,1370,1119,112,,,6752.jpg
stylo roller retractable vicuna assortis,,papeterie,,pc,1300,1300,7,1,,,6757.jpg
stylo bps-gp moyen rouge,,papeterie,,pc,1300,1300,8,1,,,6758.jpg
stylo bps-gp moyen noir,,papeterie,,pc,1050,1050,142,15,,,6759.jpg
set correction classic,,papeterie,,pc,1000,1000,170,17,,,6760.jpg
stylo bille encre gel g1-5  bleu   bl-g1-5t-l-ff,,papeterie,,pc,1000,1000,1,1,,,6763.jpg
stylo bille encre gel g1-7  noir   bl-g1-7t-b-ff,,papeterie,,pc,1050,1050,41,5,,,6764.jpg
stylo bille encre gel g1-7  bleu   bl-g1-7t-l-ff,,papeterie,,pc,1000,1000,12,2,,,6765.jpg
stylo bille encre gel g1-5  noir   bl-g1-5t-b-ff,,papeterie,,pc,1050,1050,43,5,,,6766.jpg
feutre sign pentel orange,,papeterie,,pc,1200,1200,7,1,,,6778.jpg
craie pastel huile noris club  etui 12,,papeterie,,pc,1000,1000,73,8,,,6783.jpg
colle stylo transparent,,papeterie,,pc,1300,1300,1,1,,,6784.jpg
stylo bille gel atlantis premium noir,,papeterie,,pc,1200,1200,1,1,,,6785.jpg
bolduc oeuf ruban imprime,,papeterie,,pc,1200,1200,17,2,,,6789.jpg
cartouche d'encre bleu-nuit mini  etui 6,,papeterie,,pc,1850,1850,1,1,,,6794.jpg
stylo fineliner bleu,,papeterie,,pc,1000,1000,14,2,,,6797.jpg
correcteur tape  7220,,papeterie,,pc,1100,1100,24,3,,,6798.jpg
stylo bille click b2p begreen 1.0mm noir,,papeterie,,pc,1090,1090,21,3,,,6800.jpg
exact tip rouge         801218,,papeterie,,pc,1060,1060,8,1,,,6804.jpg
stylo roller energel rouge,,papeterie,,pc,1050,1050,9,1,,,6807.jpg
rech bls -g2 10 bleu,,papeterie,,pc,1200,1200,18,2,,,6808.jpg
recharge bls -g2 10 noir,,papeterie,,pc,1200,1200,57,6,,,6809.jpg
stylo roller energel violet,,papeterie,,pc,1150,1150,2,1,,,6812.jpg
recharge stylo bille phd ultra bleu  s0193445,,papeterie,,pc,1000,1000,93,10,,,6817.jpg
marker permanent vert pointe biseaute 221.,,papeterie,,pc,700,700,806,81,,,6824.jpg
marker permanent rouge  pointe biseaute 2211026,,papeterie,,pc,700,700,244,25,,,6825.jpg
feutre ball pentel rouge,,papeterie,,pc,950,950,53,6,,,6828.jpg
feutre sign pen.noir,,papeterie,,pc,1300,1300,8,1,,,6830.jpg
feutre sign pen.rouge,,papeterie,,pc,1300,1300,79,8,,,6831.jpg
gomme balai      ref 52661,,papeterie,,pc,800,800,115,12,,,6832.jpg
feutre sign pen.vert,,papeterie,,pc,1100,1100,105,11,,,6833.jpg
feutre sign pen.bleu,,papeterie,,pc,1300,1300,12,2,,,6834.jpg
marker permanent stabilo vert pointe biseau,,papeterie,,pc,950,950,73,8,,,6835.jpg
feutre lumoc 1.0mm bleu  317-3 permanent pm,,papeterie,,pc,900,900,162,17,,,6840.jpg
feutre lumoc 1.0mm noir  317-9 permanent pm,,papeterie,,pc,900,900,54,6,,,6841.jpg
marker velleda noir  pointe biseau,,papeterie,,pc,600,600,2062,207,,,6843.jpg
marker velleda bleu  pointe biseau,,papeterie,,pc,600,600,3350,335,,,6844.jpg
marker velleda rouge1199175103 pointe biseau,,papeterie,,pc,950,950,1,1,,,6845.jpg
marker velleda rouge pointe biseau,,papeterie,,pc,600,600,1228,123,,,6846.jpg
marker velleda vert pointe biseau,,papeterie,,pc,600,600,737,74,,,6847.jpg
feutre ball pentel vert.   r56,,papeterie,,pc,950,950,4065,407,,,6851.jpg
porte mine + gomme,,papeterie,,pc,875,875,6,1,,,6852.jpg
porte mine + gomme,,papeterie,,pc,850,850,403,41,,,6853.jpg
marker effacable a sec schneider rouge,,papeterie,,pc,850,850,22,3,,,6854.jpg
marker effacable a sec schneider vert,,papeterie,,pc,850,850,108,11,,,6855.jpg
recharge acroball moyen bleu,,papeterie,,pc,850,850,184,19,,,6860.jpg
recharge acroball moyen noir,,papeterie,,pc,850,850,253,26,,,6861.jpg
marker effacable a sec schneider noir,,papeterie,,pc,850,850,25,3,,,6862.jpg
marker velleda noir 1199175109 pointe biseau,,papeterie,,pc,950,950,48,5,,,6871.jpg
marker velleda bleu 1199175106 pointe biseau 1751,,papeterie,,pc,800,800,3,1,,,6872.jpg
marker velleda pointe biseau vert,,papeterie,,pc,850,850,39,4,,,6873.jpg
marker velleda vert 1199175102 pointe biseau,,papeterie,,pc,950,950,432,44,,,6874.jpg
crayon de couleur long 7cm etui 12  ax-educ,,papeterie,,pc,500,500,5128,513,,,6876.jpg
stylo supergel 07 rouge begreen,,papeterie,,pc,550,550,2,1,,,6884.jpg
gourde       s-112,,papeterie,,pc,750,750,6,1,,,6885.jpg
marker permanent vert pointe biseau    350-5,,papeterie,,pc,500,500,282,29,,,6887.jpg
recharge rfjs-gp pointe moyenne noir,,papeterie,,pc,750,750,333,34,,,6889.jpg
recharge rfjs-gp pointe moyenne bleu,,papeterie,,pc,750,750,151,16,,,6890.jpg
recharge rfj-gp pointe moyenne bleu,,papeterie,,pc,750,750,241,25,,,6891.jpg
recharge rfj-gp pointe moyenne noir,,papeterie,,pc,750,750,261,27,,,6892.jpg
marker permanent rouge        352-3 pointe ogive,,papeterie,,pc,450,450,759,76,,,6894.jpg
pince 'spring' clip 107mm,,papeterie,,pc,730,730,2,1,,,6896.jpg
surligneur stabilo-boss vert,,papeterie,,pc,600,600,578,58,,,6900.jpg
surligneur topstar orange    pointe biseaute 364-4,,papeterie,,pc,400,400,489,49,,,6903.jpg
surligneur topstar bleu         pointe biseaute 364-3,,papeterie,,pc,400,400,408,41,,,6904.jpg
marker permanent pointe biseau a8 vert,,papeterie,,pc,800,800,38,4,,,6905.jpg
surligneur topstar rose        pointe biseaute 364-23,,papeterie,,pc,500,500,3,1,,,6906.jpg
surligneur topstar jaune       pointe biseaute 364-1,,papeterie,,pc,450,450,1547,155,,,6907.jpg
surligneur topstar vert         pointe biseaute 364-5,,papeterie,,pc,400,400,615,62,,,6908.jpg
surligneur topstar rouge      pointe biseaute 364-2,,papeterie,,pc,500,500,20,2,,,6910.jpg
surligneur stabilo-boss rose,,papeterie,,pc,600,600,183,19,,,6911.jpg
feuille film polyester a3,,papeterie,,pc,700,700,3191,320,,,6912.jpg
feutre schneider topwriter 147 bleu,,papeterie,,pc,750,750,1,1,,,6916.jpg
feutre schneider topwriter  147 noir,,papeterie,,pc,750,750,1,1,,,6917.jpg
surligneur briteliner grip   jaune          811935,,papeterie,,pc,650,650,56,6,,,6926.jpg
surligneur briteliner grip   vert          811932,,papeterie,,pc,650,650,183,19,,,6927.jpg
surligneur briteliner grip   rose          811934,,papeterie,,pc,650,650,185,19,,,6929.jpg
surligneur briteliner text rose     857611,,papeterie,,pc,650,650,254,26,,,6930.jpg
surligneur briteliner text vert     857609,,papeterie,,pc,650,650,207,21,,,6931.jpg
stylo bic cristal assortis bvrn blister 4,,papeterie,,pc,400,400,54,6,,,6933.jpg
taille crayon plastique  a reservoir 2 trous gm ass  ty002,,papeterie,,pc,650,650,11109,1111,,,6935.jpg
carte cote d'ivoire,,papeterie,,pc,550,550,31,4,,,6940.jpg
badge a clip 90mm*54mm bleu,,papeterie,,pc,600,600,5214,522,,,6942.jpg
"stylo ball pointe 0,7m-m",,papeterie,,pc,600,600,60,6,,,6944.jpg
surligneur pointe biseau rose,,papeterie,,pc,650,650,1,1,,,6949.jpg
badge a corde 85*53mm           5744,,papeterie,,pc,600,600,2,1,,,6950.jpg
stylo correcteur mini,,papeterie,,pc,650,650,95,10,,,6954.jpg
ciseaux swing ecolier 13cm lames inox,,papeterie,,pc,350,350,167,17,,,6955.jpg
"mines 0,7mm hb etui 12",,papeterie,,pc,570,570,59,6,,,6959.jpg
"mine 0,5m-m h etui",,papeterie,,pc,570,570,1542,155,,,6960.jpg
"etui  mines 0,5mm 2b",,papeterie,,pc,565,565,3058,306,,,6961.jpg
crayon mars100-5b,,papeterie,,pc,600,600,175,18,,,6966.jpg
crayon mars100-hb,,papeterie,,pc,600,600,439,44,,,6968.jpg
crayon mars 100-b,,papeterie,,pc,600,600,443,45,,,6969.jpg
feuille touch 50*65 355 grs  bleu indigo,,papeterie,,pc,3700,3700,7,1,,,6970.jpg
feuille touch 50*65 355 grs mar cachou,,papeterie,,pc,3700,3700,4,1,,,6971.jpg
feuille touch 50*65 355 grs bleu clair,,papeterie,,pc,3700,3700,6,1,,,6974.jpg
feuille touch 50*65 355 grs gris ciel,,papeterie,,pc,3700,3700,10,1,,,6975.jpg
tableau mural simple vert 120*300cm,,papeterie,,pc,895950,895950,1,1,,,6977.jpg
sac a dos pure sound moyen,,papeterie,,pc,22000,22000,2,1,,,6991.jpg
sac a dos gm mtc,,papeterie,,pc,15000,15000,2,1,,,6994.jpg
sac born olivi mari 2 compartiments,,papeterie,,pc,45880,45880,8,1,,,6997.jpg
colle uhu stick 21g baton,,papeterie,,pc,1350,1350,447,45,,,6999.jpg
mouchoirs fiesta boite 200,,papeterie,,pc,1000,1000,618,62,,,7006.jpg
protege cahier 17*22 incolore 201110-17,,papeterie,,pc,300,300,644,65,,,7007.jpg
protege cahier 17*22 violet,,papeterie,,pc,130,130,705,71,,,7008.jpg
sac hello kitty toile,,papeterie,,pc,13500,13500,1,1,,,7021.jpg
sac en toile,,papeterie,,pc,13500,13500,2,1,,,7023.jpg
sac a dos xinyi,,papeterie,,pc,20000,20000,7,1,,,7026.jpg
sac born psssy tart 2 compartiments assorti,,papeterie,,pc,42150,42150,4,1,,,7031.jpg
trousse - fourre tout addict,,papeterie,,pc,7750,7750,29,3,,,7036.jpg
trousse - fourre tout plat glam's,,papeterie,,pc,5580,5580,5,1,,,7037.jpg
trousse - fourre tout juco assorti,,papeterie,,pc,2000,2000,1,1,,,7039.jpg
trousse - fourre tout colors rayures assortis,,papeterie,,pc,3600,3600,2,1,,,7041.jpg
trousse - fourre tout forme crocodile assortie,,papeterie,,pc,5400,5400,1,1,,,7042.jpg
trousse - fourre tout cuir vif,,papeterie,,pc,3000,3000,14,2,,,7043.jpg
trousse - fourre tout cuir pompon assorti,,papeterie,,pc,7200,7200,10,1,,,7044.jpg
fourretout promo modele assortie,,papeterie,,pc,3600,3600,1,1,,,7045.jpg
trousse - fourre tout cuir assorti,,papeterie,,pc,3000,3000,1,1,,,7046.jpg
ciseaux ecolier 12cm,,papeterie,,pc,530,530,22,3,,,7047.jpg
recharge tampon shiny bleu,,papeterie,,pc,1800,1800,187,19,,,7050.jpg
recharge tampon shiny noir,,papeterie,,pc,1650,1650,187,19,,,7051.jpg
recharge tampon shiny bleu,,papeterie,,pc,1800,1800,489,49,,,7052.jpg
recharge tampon 62*31 shiny rouge,,papeterie,,pc,1650,1650,44,5,,,7053.jpg
numeroteur a bande 6mm,,papeterie,,pc,1800,1800,80,8,,,7054.jpg
badge id porte-cartes de verticales 5 pieces bleu faux cuir pour le personnel,,papeterie,,pc,1600,1600,171,18,,,7062.jpg
bolducs bobine lisse 500mx7mm choco,,papeterie,,pc,3000,3000,7,1,,,7069.jpg
bolducs bobine lisse 500mx7mm rose,,papeterie,,pc,3000,3000,7,1,,,7070.jpg
clairefontaine bolduc bobine lisse 500mx7mm lilas,,papeterie,,pc,3000,3000,4,1,,,7071.jpg
bolducs bobine lisse 500mx7mm violet,,papeterie,,pc,3400,3400,2,1,,,7072.jpg
bolducs bobine mat 250mx10mm vert c,,papeterie,,pc,7800,7800,1,1,,,7074.jpg
bolducs bobine metallisee 250mx10mm jade,,papeterie,,pc,7800,7800,3,1,,,7075.jpg
bolducs bobine metallisee 250mx10mm,,papeterie,,pc,7800,7800,5,1,,,7077.jpg
bolducs bobine metallisee 250mx10mm bordeau,,papeterie,,pc,7800,7800,3,1,,,7078.jpg
bolduc bobine metallisee 250mx7 violet,,papeterie,,pc,5000,5000,19,2,,,7081.jpg
ficelle bobine polypro 220m,,papeterie,,pc,3150,3150,6,1,,,7084.jpg
fiche bristol blanche a4 q5,,papeterie,,pc,4700,4700,849,85,,,7086.jpg
etui de 100 fiches bristol - blanc uni non perfore 105x148mm,,papeterie,,pc,1750,1750,8,1,,,7098.jpg
fiche bristol blanc 75*125 uni etui 100,,papeterie,,pc,1150,1150,9,1,,,7100.jpg
rouleaux cadeau alliance 50x0.70 patchhwork sapi,,papeterie,,pc,22050,22050,1,1,,,7104.jpg
rouleaux cadeau nature 50x0.70 assorti noel 5,,papeterie,,pc,29400,29400,6,1,,,7105.jpg
rouleaux cadeau excellia 80g 50x0.70m pios blc fond,,papeterie,,pc,24550,24550,1,1,,,7106.jpg
craie couleur etui 10 color+,,papeterie,,pc,750,750,160,16,,,7110.jpg
rouleaux kraft 64g 68*300 bleu,,papeterie,,pc,1650,1650,8,1,,,7116.jpg
rouleaux canson 68*300 kraft noir 65g,,papeterie,,pc,1650,1650,54,6,,,7118.jpg
pochette kraft radio 375*450 120g,,papeterie,,pc,200,200,181,19,,,7119.jpg
etiquette blanche jet d encre laser copy 105*42.4 boite,,papeterie,,pc,60650,60650,10,1,,,7121.jpg
attache geante 47*53 boite 50,,papeterie,,pc,4200,4200,15,2,,,7125.jpg
attache geante 47*60 boite 50,,papeterie,,pc,4400,4400,53,6,,,7126.jpg
aimant magnets assortis  etui 8,,papeterie,,pc,8500,8500,2,1,,,7127.jpg
recharge trodat 4911 bleu,,papeterie,,pc,5000,5000,20,2,,,7128.jpg
mouchoirs fiesta - papyrus boite 100,,papeterie,,pc,500,500,663,67,,,7130.jpg
ote agrafe pince,,papeterie,,pc,1900,1900,62,7,,,7133.jpg
couverture delta cuir blanc 250g,,papeterie,,pc,100,100,7180,718,,,7135.jpg
carnet repert int.a4 180p q5*5 90g    8149c,,papeterie,,pc,5800,5800,15,2,,,7136.jpg
carnet piq 110*170 96p q5 90g,,papeterie,,pc,1200,1200,70,7,,,7137.jpg
rouleau papier alliance 50*0.70   211201c,,papeterie,,pc,11500,11500,56,6,,,7139.jpg
rouleau carton ondule maxi 2m*0.70 orange,,papeterie,,pc,6500,6500,1,1,,,7141.jpg
rouleau carton ondule maxi 2m*0.70 vert pre,,papeterie,,pc,6500,6500,1,1,,,7144.jpg
rouleau carton ondule maxi 2m*0.70 bleu ciel,,papeterie,,pc,6500,6500,2,1,,,7145.jpg
rouleau carton ondule maxi 2m*0.70 bleu marin,,papeterie,,pc,6500,6500,3,1,,,7146.jpg
rouleau carton ondule maxi 2m*0.70 noir,,papeterie,,pc,6500,6500,3,1,,,7147.jpg
rouleau premium rouge 95891 95892 95895 95899c,,papeterie,,pc,3000,3000,38,4,,,7150.jpg
rouleau carton ondule 50*700. 300g,,papeterie,,pc,2500,2500,1,1,,,7151.jpg
rouleau carton ondule 50*700 rouge,,papeterie,,pc,2050,2050,1,1,,,7154.jpg
rouleau carton ondule 50*700 noir 300g,,papeterie,,pc,2050,2050,4,1,,,7159.jpg
rouleau carton ondule 50*700. 300g kraft,,papeterie,,pc,2050,2050,1,1,,,7160.jpg
rouleau papier soie assort,,papeterie,,pc,1500,1500,24,3,,,7164.jpg
rouleau papier cadeau alliance 2*0.7m ass   211399c,,papeterie,,pc,1000,1000,16,2,,,7169.jpg
carnet spir.9*14 100p q5*5 70g  nf7 74c,,papeterie,,pc,600,600,381,39,,,7186.jpg
porte post it note a5,,papeterie,,pc,13300,13300,7,1,,,7187.jpg
etiq jaune 26*16 rl1500,,papeterie,,pc,1600,1600,8,1,,,7192.jpg
craie blanche bte 100,,papeterie,,pc,1000,1000,530,53,,,7193.jpg
sac transparent kits scolaire,,papeterie,,pc,750,750,9024,903,,,7195.jpg
protege cahier 17*22 bleu sms,,papeterie,,pc,275,275,1037,104,,,7197.jpg
protege cahier 17*22 vert sms,,papeterie,,pc,275,275,1082,109,,,7198.jpg
protege cahier 17*22 bleu turquoise sms,,papeterie,,pc,275,275,1173,118,,,7199.jpg
protege cahier 17*22 vert fonce,,papeterie,,pc,100,100,1320,132,,,7202.jpg
protege cahier 17*22 vert fonce,,papeterie,,pc,100,100,3348,335,,,7203.jpg
agrafes 23-24 boite,,papeterie,,pc,3000,3000,28,3,,,7205.jpg
agrafes swingline boite 1000  4mm,,papeterie,,pc,740,740,26,3,,,7206.jpg
rouleau havane 48mm*50m,,papeterie,,pc,700,700,66,7,,,7207.jpg
agrafes n 10 galvanisees boite 1000,,papeterie,,pc,200,200,50271,5028,,,7209.jpg
agrafe bostich sp 6mm 1-4.boite 5000,,papeterie,,pc,2000,2000,38,4,,,7210.jpg
agrafeuse eurosuper 6 vernicialia 4 colori,,papeterie,,pc,10800,10800,1,1,,,7213.jpg
ote agrafes pince,,papeterie,,pc,12800,12800,22,3,,,7219.jpg
agrafeuse b5 assorties,,papeterie,,pc,14550,14550,12,2,,,7223.jpg
agrafeuse b4 assorti,,papeterie,,pc,11800,11800,33,4,,,7224.jpg
rouleau toile multi usages 25m*50mm noir,,papeterie,,pc,10275,10275,27,3,,,7225.jpg
agrafeuse beasti mini assortie blister,,papeterie,,pc,3100,3100,1,1,,,7226.jpg
agrafe zenith 130-z 6-6 boite 1000,,papeterie,,pc,1700,1700,374,38,,,7228.jpg
agrafeuse fm20 24-26-6,,papeterie,,pc,6500,6500,1,1,,,7230.jpg
agrafeuse supreme s21 super fc,,papeterie,,pc,14100,14100,2,1,,,7232.jpg
agrafe jaky 08 boite 1000,,papeterie,,pc,1300,1300,14,2,,,7233.jpg
rouleau adhesif blanc 48*100,,papeterie,,pc,1200,1200,234,24,,,7235.jpg
agrafes swingline tot50 boite 1000,,papeterie,,pc,500,500,3,1,,,7238.jpg
agrafeuse novus chromo b35a,,papeterie,,pc,23500,23500,30,3,,,7239.jpg
agrafeuse novus rouge b4fc ( 24-6-26-6),,papeterie,,pc,22700,22700,1,1,,,7242.jpg
agrafeuse novus (24-6- 26-6) vert,,papeterie,,pc,15000,15000,1,1,,,7245.jpg
planche etiquetteuette armoir bleu,,papeterie,,pc,730,730,20,2,,,7249.jpg
agrafe 23-17 boite 1000,,papeterie,,pc,1950,1950,12,2,,,7253.jpg
agrafe 23-15 boite 1000    110022,,papeterie,,pc,1900,1900,33,4,,,7254.jpg
agrafe 23-12 boite 1000,,papeterie,,pc,1500,1500,54,6,,,7255.jpg
agrafe 23-20 boite 1000    110029,,papeterie,,pc,1700,1700,241,25,,,7257.jpg
agrafe 23-10 boite 1000    110009,,papeterie,,pc,1450,1450,127,13,,,7258.jpg
agrafe jaky 06 boite 1000,,papeterie,,pc,750,750,42,5,,,7262.jpg
agrafe 7-45  boite 2000,,papeterie,,pc,750,750,7,1,,,7264.jpg
agrafe punti s17 maestri boite 1000.  1005418,,papeterie,,pc,1250,1250,5,1,,,7272.jpg
ote agrafes pince          095001,,papeterie,,pc,1850,1850,8,1,,,7273.jpg
agrafes mercury rexel boite 2500.   2100928,,papeterie,,pc,7300,7300,190,19,,,7274.jpg
agrafeuse expert pince uni 6-4. 442110,,papeterie,,pc,12200,12200,49,5,,,7276.jpg
ouvre lettre 21cm 1-2 lame    582032,,papeterie,,pc,800,800,86,9,,,7278.jpg
agrafe 23-13 boite 1000,,papeterie,,pc,1950,1950,35,4,,,7280.jpg
agrafeuse 24-6,,papeterie,,pc,15700,15700,6,1,,,7282.jpg
agrafe jaky 12 boite 1000,,papeterie,,pc,1390,1390,111,12,,,7284.jpg
agrafe jaky 10 boite 1000,,papeterie,,pc,1600,1600,61,7,,,7285.jpg
agrafe 23-6 boite 1000     110000,,papeterie,,pc,950,950,95,10,,,7286.jpg
agrafe bebe cu 5000 (boite rose)    ecureuil,,papeterie,,pc,1900,1900,167,17,,,7287.jpg
agrafe 23-8 boite 1000     110004,,papeterie,,pc,1000,1000,21,3,,,7288.jpg
agrafeuse 24-6,,papeterie,,pc,9000,9000,120,12,,,7292.jpg
ote agrafes    0231,,papeterie,,pc,550,550,28,3,,,7293.jpg
agrafe 114 ap alta penetrazine  boite 5000      101209,,papeterie,,pc,1700,1700,7,1,,,7294.jpg
agrafeuse parva2 64 joly new  002210,,papeterie,,pc,11030,11030,3,1,,,7295.jpg
agrafeuse novus b36-2       021-0069,,papeterie,,pc,9150,9150,6,1,,,7297.jpg
agrafeuse swingline 10,,papeterie,,pc,11450,11450,16,2,,,7301.jpg
agrafe 23-24 boite 1000        0300032,,papeterie,,pc,1620,1620,199,20,,,7302.jpg
punaise couleur boite 100.    0022,,papeterie,,pc,850,850,10,1,,,7307.jpg
rouleau adhesif invisible 19mm*33  vrac 367600,,papeterie,,pc,600,600,11651,1166,,,7310.jpg
agrafeuse duax        21808300,,papeterie,,pc,5300,5300,4,1,,,7315.jpg
auto cloueur 108 maestri blister,,papeterie,,pc,13250,13250,2,1,,,7317.jpg
agrafeuse romablok s24. 0045205,,papeterie,,pc,264200,264200,1,1,,,7322.jpg
agrafes bostich stcr 21-15.   6mm boite 5000   agr2115-06,,papeterie,,pc,7300,7300,5,1,,,7323.jpg
porte carte de visite 96pcs,,papeterie,,pc,1800,1800,38,4,,,7326.jpg
corbeille a courrier 200+ h rose indien,,papeterie,,pc,2700,2700,1,1,,,7329.jpg
ramette double a a4 blanc 80g,,papeterie,,pc,4000,4000,4277,428,,,7336.jpg
ramette clairefontaine strong blanc 60g a4,,papeterie,,pc,5500,5500,8,1,,,7339.jpg
ramette clairefontaine blanc 80g a4,,papeterie,,pc,5000,5000,212,22,,,7340.jpg
ramette clairefontaine vert nature 80g a4,,papeterie,,pc,7500,7500,69,7,,,7344.jpg
ramette clairefontaine bleu alize 80g a4,,papeterie,,pc,6700,6700,1,1,,,7345.jpg
ramette clairefontaine orange vif 80g a4,,papeterie,,pc,7650,7650,46,5,,,7346.jpg
ramette double a a3 blanc 80g,,papeterie,,pc,9800,9800,2,1,,,7347.jpg
ramette clairefontaine bleu 80g a3,,papeterie,,pc,12750,12750,59,6,,,7348.jpg
ramette pelure a4 bleu 32 gr,,papeterie,,pc,4750,4750,3,1,,,7350.jpg
ramette clairefontaine canari 80g a3,,papeterie,,pc,14900,14900,6,1,,,7353.jpg
ramette clairefontaine rose 80g a3,,papeterie,,pc,14900,14900,29,3,,,7354.jpg
ramette clairefontaine vert 80g a3,,papeterie,,pc,13700,13700,36,4,,,7355.jpg
sac a dos borne olivi shoe 2 compartiments assortis,,papeterie,,pc,43000,43000,4,1,,,7356.jpg
gibeciere chipi malo 41cm 3 compartiments ass,,papeterie,,pc,52450,52450,1,1,,,7359.jpg
sac born sou stoke butt assorti,,papeterie,,pc,33500,33500,1,1,,,7362.jpg
gibeciere airness sepi 41cm 2 compartiments assortis,,papeterie,,pc,53600,53600,1,1,,,7365.jpg
gibeciere airness standard 41cm 3c assortie,,papeterie,,pc,52450,52450,1,1,,,7367.jpg
surligneur stabilo-boss jaune,,papeterie,,pc,600,600,626,63,,,7371.jpg
surligneur stabilo boss rouge,,papeterie,,pc,600,600,46,5,,,7372.jpg
feutre stabilo sensor f vert,,papeterie,,pc,750,750,2,1,,,7376.jpg
sac borne kanabeach & leopard,,papeterie,,pc,22150,22150,1,1,,,7378.jpg
agrafeuse,,papeterie,,pc,6900,6900,24,3,,,7379.jpg
agrafeuse,,papeterie,,pc,8900,8900,3,1,,,7381.jpg
agrafeuse pour blocs 117 120 lang duo,,papeterie,,pc,415900,415900,3,1,,,7383.jpg
kit essentiel cp1,,papeterie,,pc,1900,1900,577,58,,,8105.jpg
kit essentiel cp2,,papeterie,,pc,1900,1900,215,22,,,8106.jpg
kit essentiel ce1,,papeterie,,pc,3500,3500,228,23,,,8107.jpg
kit essentiel ce2,,papeterie,,pc,3500,3500,93,10,,,8108.jpg
kit essentiel cm1,,papeterie,,pc,4000,4000,188,19,,,8109.jpg
kit essentiel cm2,,papeterie,,pc,4200,4200,307,31,,,8110.jpg
crayon de couleur peps etui 15,,papeterie,,pc,3850,3850,11,2,,,10198.jpg
crayon de couleur aquarellable boite 12,,papeterie,,pc,3100,3100,109,11,,,10202.jpg
crayon de couleur peps boite 12,,papeterie,,pc,3600,3600,727,73,,,10203.jpg
compas reversible nick,,papeterie,,pc,3000,3000,47,5,,,10209.jpg
pinceau aquarelle n 14 poney,,papeterie,,pc,700,700,87,9,,,10214.jpg
regle plate 30cm lustran,,papeterie,,pc,400,400,1,1,,,10215.jpg
compas plastique crayon bois,,papeterie,,pc,1000,1000,221,23,,,10224.jpg
compas plastique,,papeterie,,pc,800,800,50782,5079,,,10226.jpg
gomme plastique office,,papeterie,,pc,350,350,243,25,,,10227.jpg
pate a modeler 450g noir,,papeterie,,pc,1900,1900,13,2,,,10228.jpg
crayon bicolore bleu rouge,,papeterie,,pc,1100,1100,213,22,,,10241.jpg
pate a modeler rouge 450g,,papeterie,,pc,1900,1900,29,3,,,10245.jpg
ensemble isograph pen st  (4),,papeterie,,pc,69900,69900,1,1,,,10248.jpg
pastel durs 24 couleurs assorties,,papeterie,,pc,28550,28550,6,1,,,10257.jpg
crayon pastel boite metal conte,,papeterie,,pc,41300,41300,6,1,,,10258.jpg
crayon de couleur karat aquarelle boite 36,,papeterie,,pc,25000,25000,43,5,,,10259.jpg
album photo mt+calque bleu 20f 27x28. 0917-504,,papeterie,,pc,26500,26500,37,4,,,10260.jpg
compas balustre laiton coffret 028025,,papeterie,,pc,11850,11850,40,4,,,10265.jpg
machine a tailleler bleu 5x20-3,,papeterie,,pc,12750,12750,7,1,,,10269.jpg
album photo mt+calque rose 20f 27x28. 0917-503,,papeterie,,pc,17500,17500,16,2,,,10272.jpg
feutres pinceaux aquabrush duo lyra etui 12,,papeterie,,pc,13000,13000,13,2,,,10275.jpg
crayon de couleur groove slim lyra triang + taille crayon etui 36,,papeterie,,pc,15000,15000,9,1,,,10277.jpg
staedtler 5x2 compas de precision mars comfort,,papeterie,,pc,15250,15250,21,3,,,10281.jpg
feutre dessin boite 20 metal,,papeterie,,pc,15000,15000,16,2,,,10282.jpg
compas technique 5x2 02,,papeterie,,pc,14750,14750,1,1,,,10284.jpg
compas balustre 8 pieces 350805,,papeterie,,pc,10000,10000,4,1,,,10286.jpg
compas convex a vis 400,,papeterie,,pc,14500,14500,1,1,,,10287.jpg
gouache flacon 250ml,,papeterie,,pc,12130,12130,7,1,,,10290.jpg
compas technique 5x1 01,,papeterie,,pc,13000,13000,2,1,,,10292.jpg
liquitex hb 138 ml bleu ceruleum 9x22653,,papeterie,,pc,11650,11650,1,1,,,10293.jpg
compas set 6 pieces  s0676560,,papeterie,,pc,7500,7500,1,1,,,10298.jpg
crayon pastel boite metal conte boite 12,,papeterie,,pc,10750,10750,82,9,,,10299.jpg
boussole orientation 60x128 mm-l 170125,,papeterie,,pc,6200,6200,119,12,,,10302.jpg
gabarit de dessin rotring s0232590,,papeterie,,pc,9500,9500,12,2,,,10303.jpg
crayon de couleur groove slim lyra triang + taille crayon etui 24,,papeterie,,pc,7500,7500,69,7,,,10304.jpg
crayon de couleur gaucher etui 12,,papeterie,,pc,9350,9350,7,1,,,10306.jpg
boussole randonnee d-5x170045,,papeterie,,pc,4700,4700,84,9,,,10310.jpg
huile lefranc 40ml or,,papeterie,,pc,7500,7500,12,2,,,10322.jpg
gouache en poudre magenta 1 kilo,,papeterie,,pc,7250,7250,1,1,,,10329.jpg
kit dessin canson 239x25 jaune,,papeterie,,pc,6500,6500,1,1,,,10333.jpg
gouache 12 pastille  couleurs assorties,,papeterie,,pc,6300,6300,1304,131,,,10334.jpg
stylo stabilo easy pastel (pop),,papeterie,,pc,6000,6000,102,11,,,10337.jpg
trace lettre     306070,,papeterie,,pc,4500,4500,99,10,,,10340.jpg
peinture acrylique jaune primaire 5x2,,papeterie,,pc,3200,3200,1,1,,,10341.jpg
compas compact universelle 480,,papeterie,,pc,4500,4500,6,1,,,10342.jpg
calque a4 90-95g bloc,,papeterie,,pc,3900,3900,12,2,,,10343.jpg
te hetre verni - tete fixe 60cm,,papeterie,,pc,6300,6300,26,3,,,10346.jpg
pochette dessin c a grain 224gr a3,,papeterie,,pc,7300,7300,10,1,,,10354.jpg
acrylique fine 60ml jaune primaire,,papeterie,,pc,5000,5000,16,2,,,10358.jpg
acrylique fine 60ml rouge vermillon,,papeterie,,pc,5000,5000,3,1,,,10360.jpg
gouache 12 pastille 10mm+pinceau,,papeterie,,pc,4300,4300,125,13,,,10362.jpg
gouache flacon 45ml,,papeterie,,pc,4850,4850,4,1,,,10364.jpg
tablier protection enfant ( 3-5 ans),,papeterie,,pc,3350,3350,49,5,,,10365.jpg
pochette dessin c a grain 180gr a3,,papeterie,,pc,6100,6100,1,1,,,10366.jpg
crayon de couleur etui 12,,papeterie,,pc,5000,5000,1,1,,,10368.jpg
bristol art 50x70 edit,,papeterie,,pc,4700,4700,5,1,,,10369.jpg
gouache tubes 10x10,,papeterie,,pc,5000,5000,1564,157,,,10375.jpg
compas clip,,papeterie,,pc,4500,4500,153,16,,,10376.jpg
tablier chasuble enfant ( 5-8 ans),,papeterie,,pc,2950,2950,24,3,,,10377.jpg
bloc office 100f a4 parch bleu ciel,,papeterie,,pc,4250,4250,1,1,,,10379.jpg
bloc office 100f a4 permanent white 90g,,papeterie,,pc,4250,4250,1,1,,,10381.jpg
dessin vival 30f a4 10x20g bloc,,papeterie,,pc,4000,4000,19,2,,,10387.jpg
compas a tableau 40cm,,papeterie,,pc,3775,3775,57,6,,,10390.jpg
pochette mi teinte vive +15x160g,,papeterie,,pc,5450,5450,5,1,,,10395.jpg
pate a modeler patplume 350g orange,,papeterie,,pc,2500,2500,31,4,,,10401.jpg
fixat crayon fusain flacon 75ml,,papeterie,,pc,3550,3550,1,1,,,10403.jpg
"sac bouteille recto verso choco-rouge,",,papeterie,,pc,3750,3750,40,4,,,10405.jpg
gouache liquide 250ml argent,,papeterie,,pc,4650,4650,11,2,,,10406.jpg
pochette calque bistre 24x32 70g,,papeterie,,pc,3500,3500,1134,114,,,10409.jpg
pate a modeler couleurs assorties 500g,,papeterie,,pc,3800,3800,34,4,,,10410.jpg
vitrail 5x250,,papeterie,,pc,3250,3250,3,1,,,10412.jpg
boussole de poche d-45x28,,papeterie,,pc,1600,1600,94,10,,,10418.jpg
equerre 45т░  567 36 45,,papeterie,,pc,2900,2900,58,6,,,10421.jpg
encre liquide fluidine 5x10373,,papeterie,,pc,2950,2950,8,1,,,10423.jpg
encre liquide fluidine 50ml rouge vermillon,,papeterie,,pc,2950,2950,14,2,,,10424.jpg
encre liquide fluidine 5x10367,,papeterie,,pc,2950,2950,7,1,,,10425.jpg
encre liquide fluidine 50ml blanc,,papeterie,,pc,2950,2950,15,2,,,10426.jpg
encre liquide fluidine 5x103661,,papeterie,,pc,2950,2950,29,3,,,10427.jpg
encre liquide fluidine 50ml vert emeraude,,papeterie,,pc,2950,2950,33,4,,,10428.jpg
encre liquide fluidine 50ml vert pre,,papeterie,,pc,2950,2950,16,2,,,10429.jpg
encre liquide fluidine 50ml terre sienne.brule,,papeterie,,pc,2950,2950,42,5,,,10430.jpg
textile tis 5x107300,,papeterie,,pc,2950,2950,52,6,,,10431.jpg
sac premium 12.5x9.5x38cm bouteille,,papeterie,,pc,2950,2950,67,7,,,10433.jpg
dessin bistre bloc a4 0067-106,,papeterie,,pc,8500,8500,39,4,,,10434.jpg
magic clip chrome 4mm boite 5x11,,papeterie,,pc,2850,2850,3,1,,,10438.jpg
compas metal nick 5x115,,papeterie,,pc,2200,2200,334,34,,,10442.jpg
taille crayon + gomme,,papeterie,,pc,2650,2650,1,1,,,10444.jpg
gouache liquide cyan flacon bleu 5x273,,papeterie,,pc,2600,2600,3,1,,,10447.jpg
gouache liquide vert printemps flacon 5x285,,papeterie,,pc,2600,2600,1,1,,,10448.jpg
gouache liquide marron flacon  5x2828,,papeterie,,pc,2600,2600,2,1,,,10449.jpg
gouache liquide vert emeraude   5x12,,papeterie,,pc,2600,2600,5,1,,,10450.jpg
gouache liquide rose tyrien flacon  5x2806,,papeterie,,pc,2600,2600,10,1,,,10451.jpg
gouache liquide noir flacon 5x277,,papeterie,,pc,2600,2600,12,2,,,10453.jpg
gouache liquide carmin   flacon 5x280,,papeterie,,pc,2950,2950,2,1,,,10454.jpg
gouache liquide violet  flacon  5x286,,papeterie,,pc,2600,2600,6,1,,,10455.jpg
gouache liquide bleu primaire flacon 500ml,,papeterie,,pc,2950,2950,3,1,,,10456.jpg
gouache liquide rouge vermillon flacon 5x2807,,papeterie,,pc,2600,2600,5,1,,,10458.jpg
gouache liquide bleu cobalt    5x1,,papeterie,,pc,3000,3000,19,2,,,10459.jpg
gouache liquide outremer flacon  5x17,,papeterie,,pc,2600,2600,2,1,,,10460.jpg
gouache liquide jaune d'or flacon 500ml,,papeterie,,pc,2600,2600,1,1,,,10461.jpg
gouache liquide orange flacon 5x278,,papeterie,,pc,2000,2000,9,1,,,10462.jpg
gouache liquide vert franc ( clair) flacon 5x284,,papeterie,,pc,2200,2200,4,1,,,10463.jpg
gouache liquide blanc flacon  500ml,,papeterie,,pc,2600,2600,70,7,,,10465.jpg
feuille fontaine 56x76. 300g,,papeterie,,pc,2500,2500,9,1,,,10466.jpg
crayon esquisse pierre noir hb 2b conte blister 2,,papeterie,,pc,2400,2400,10,1,,,10469.jpg
equerre a tableau 60cm plastique jaune,,papeterie,,pc,2550,2550,1,1,,,10471.jpg
peinture soie 5x104767,,papeterie,,pc,2450,2450,144,15,,,10474.jpg
lave pinceaux antiverse,,papeterie,,pc,1950,1950,18,2,,,10475.jpg
blister 2 crayon esquisse graphite hb 2b conte a paris,,papeterie,,pc,2450,2450,18,2,,,10477.jpg
gouache au doigt bebe super 220g,,papeterie,,pc,5300,5300,6,1,,,10479.jpg
regle plate bois 40cm,,papeterie,,pc,1900,1900,41,5,,,10480.jpg
peinture soie 5x10465x1,,papeterie,,pc,2250,2250,31,4,,,10482.jpg
peinture soie 5x29,,papeterie,,pc,2250,2250,59,6,,,10483.jpg
peinture soie 5x2,,papeterie,,pc,2250,2250,51,6,,,10484.jpg
peinture soie 5x104644,,papeterie,,pc,2250,2250,45,5,,,10485.jpg
peinture soie 5x105009,,papeterie,,pc,2250,2250,37,4,,,10486.jpg
dessin 30 feuilles a5 90g bloc,,papeterie,,pc,2225,2225,8,1,,,10487.jpg
equerre 60т░ 5x1 60,,papeterie,,pc,2150,2150,211,22,,,10488.jpg
equerre 45x1 45,,papeterie,,pc,2150,2150,100,10,,,10489.jpg
pochette 8 feuille calque couleur 100g 24x32,,papeterie,,pc,2150,2150,2,1,,,10492.jpg
decoration creme d'acrylique 50ml outremer,,papeterie,,pc,2100,2100,95,10,,,10493.jpg
decoration creme d'acrylique 50ml jaune,,papeterie,,pc,2100,2100,1,1,,,10494.jpg
decoration creme d'acrylique 50ml carmin,,papeterie,,pc,2100,2100,41,5,,,10495.jpg
decoration creme d'acrylique 50ml grenadine,,papeterie,,pc,2100,2100,2,1,,,10496.jpg
decoration creme d'acrylique 50ml ton bois,,papeterie,,pc,2100,2100,24,3,,,10497.jpg
decoration creme d'acrylique 50ml noir,,papeterie,,pc,2100,2100,4,1,,,13117.jpg
decoration creme d'acrylique 50ml bleu clair,,papeterie,,pc,2100,2100,60,6,,,13118.jpg
decoration creme d'acrylique 50ml vert golf,,papeterie,,pc,2100,2100,35,4,,,13119.jpg
encre de chine 11ml flacon 807073,,papeterie,,pc,2070,2070,10,1,,,13121.jpg
taille crayon + gomme,,papeterie,,pc,1750,1750,18,2,,,13125.jpg
compas plastique bague kid'z,,papeterie,,pc,750,750,116,12,,,13128.jpg
peinture deco mat 5x10706,,papeterie,,pc,1950,1950,2,1,,,13130.jpg
taille crayon + gomme,,papeterie,,pc,1500,1500,13,2,,,13132.jpg
boussole de poche d-35x170018,,papeterie,,pc,1000,1000,83,9,,,13133.jpg
rouleau a peindre manche plastique,,papeterie,,pc,500,500,116,12,,,13134.jpg
encre de chine rouge mars matic,,papeterie,,pc,2150,2150,1,1,,,13137.jpg
encre de chine jaune mars matic,,papeterie,,pc,1850,1850,6,1,,,13138.jpg
encre de chine bleu mars matic,,papeterie,,pc,1850,1850,1,1,,,13139.jpg
encre de chine noir 11 ml flacon,,papeterie,,pc,600,600,14,2,,,13140.jpg
taille crayon + gomme,,papeterie,,pc,1650,1650,48,5,,,13141.jpg
taille crayon + gomme,,papeterie,,pc,1500,1500,32,4,,,13143.jpg
gouache au doigt 100ml assorti,,papeterie,,pc,1800,1800,178,18,,,13144.jpg
equerre 2 pieces 45т░ et 60т░,,papeterie,,pc,1770,1770,85,9,,,13146.jpg
feuille mi teinte gris dessin 160g 50x65,,papeterie,,pc,1750,1750,8,1,,,13148.jpg
feuille mi teinte marron dessin 160g 50x65,,papeterie,,pc,1750,1750,11,2,,,13149.jpg
mi teinte gris fume feuille dessin 160g 50x65,,papeterie,,pc,1750,1750,14,2,,,13150.jpg
mi teinte vert ocean feuille dessin 160g 50x65,,papeterie,,pc,1750,1750,9,1,,,13151.jpg
feuille mi teinte gris dessin 160g 50x65,,papeterie,,pc,1750,1750,5,1,,,13152.jpg
crayon de couleur topicolor long etui 12,,papeterie,,pc,1750,1750,4621,463,,,13158.jpg
carte de la france departement-fleuve 30218 sachets 2,,papeterie,,pc,1750,1750,477,48,,,13159.jpg
taille crayon + gomme,,papeterie,,pc,1500,1500,2,1,,,13160.jpg
"mine 0,3mm  etui 12 hb",,papeterie,,pc,1650,1650,2,1,,,13161.jpg
equerre rapporteur 180т░ 24cm plastique,,papeterie,,pc,1600,1600,20,2,,,13165.jpg
taille crayon 2 trous,,papeterie,,pc,1000,1000,61,7,,,13166.jpg
equerre 45x26 45,,papeterie,,pc,1750,1750,1,1,,,13169.jpg
regle plate 30cm,,papeterie,,pc,600,600,167,17,,,13170.jpg
mi teinte bleue turquoise feuille 5x160g,,papeterie,,pc,1500,1500,4,1,,,13171.jpg
pate adhesive blu-tack,,papeterie,,pc,1400,1400,970,97,,,13172.jpg
pinceau aquarelle numeros assortis,,papeterie,,pc,200,200,109,11,,,13173.jpg
mi teinte violet 160g 50x65,,papeterie,,pc,1500,1500,2,1,,,13175.jpg
taille crayon + gomme,,papeterie,,pc,1300,1300,41,5,,,13177.jpg
gomme + balai,,papeterie,,pc,1400,1400,316,32,,,13178.jpg
mi teinte lys feuille 5x160g,,papeterie,,pc,1400,1400,5,1,,,13181.jpg
mi teinte safran feuille 5x160g,,papeterie,,pc,1400,1400,5,1,,,13183.jpg
mi teinte rose fonce feuille 5x2,,papeterie,,pc,1400,1400,2,1,,,13185.jpg
mi teinte anis feuille 5x160g,,papeterie,,pc,1400,1400,1,1,,,13186.jpg
compas study + etuis mine,,papeterie,,pc,1150,1150,638,64,,,13189.jpg
equerre 45x1 45,,papeterie,,pc,1350,1350,36,4,,,13193.jpg
badge a clip et bretelle 5x12,,papeterie,,pc,1230,1230,456,46,,,13195.jpg
mi teinte jaune soleil feuille 5x160g,,papeterie,,pc,1230,1230,3,1,,,13197.jpg
mi teinte vert amande feuille 5x160g,,papeterie,,pc,1230,1230,230,23,,,13199.jpg
palette plastique ronde 10 trous,,papeterie,,pc,1000,1000,1,1,,,13203.jpg
rapporteur 360т░,,papeterie,,pc,300,300,221,23,,,13205.jpg
taille crayon 1 trou,,papeterie,,pc,1350,1350,8,1,,,13208.jpg
taille crayon 2 trous,,papeterie,,pc,1500,1500,13,2,,,13211.jpg
pinceau aquarelle n 20 poney,,papeterie,,pc,1150,1150,75,8,,,13212.jpg
compas vivo bague  display 5x18110,,papeterie,,pc,550,550,94,10,,,13217.jpg
regle plate 50cm cristal,,papeterie,,pc,750,750,7,1,,,13218.jpg
dessin c a grain 180gr 5x1-183,,papeterie,,pc,900,900,87,9,,,13220.jpg
crayon rembrandt splender lyra,,papeterie,,pc,900,900,152,16,,,13221.jpg
encre a tampon 10ml noire flacon 5x1,,papeterie,,pc,900,900,1,1,,,13222.jpg
"pinceau aquarelle nт░ 16, poil de poney",,papeterie,,pc,800,800,43,5,,,13225.jpg
gomme mars plastic combi,,papeterie,,pc,750,750,413,42,,,13226.jpg
bloc steno spiral ligne a5,,papeterie,,pc,750,750,2,1,,,13230.jpg
equerre 45x25cm hypotenuse,,papeterie,,pc,750,750,20,2,,,13231.jpg
taille crayon 1 trou,,papeterie,,pc,1000,1000,3,1,,,13234.jpg
equerre 90  16cm biseau blanc  bois,,papeterie,,pc,700,700,298,30,,,13235.jpg
pinceau aquarelle nт░8 majuscule,,papeterie,,pc,200,200,142,15,,,13239.jpg
pinceau aquarelle n 10 poney  175x134,,papeterie,,pc,550,550,117,12,,,13241.jpg
crayon pastel tendre bleu ciel,,papeterie,,pc,580,580,552,56,,,13244.jpg
ciseaux ecolier avec poch plastique,,papeterie,,pc,500,500,24,3,,,13245.jpg
compas ecolier 8615,,papeterie,,pc,500,500,2089,209,,,13250.jpg
rapporteur 180,,papeterie,,pc,480,480,11,2,,,13253.jpg
lefranc bourgeois pinceau corps en bois bleu poney numero 4,,papeterie,,pc,450,450,51,6,,,13258.jpg
equerre 45mm,,papeterie,,pc,300,300,20,2,,,13261.jpg
crayon staedtler pencils tradition,,papeterie,,pc,300,300,514,52,,,13262.jpg
rapporteur 15 cm,,papeterie,,pc,350,350,177,18,,,13263.jpg
crayon 6b tradition single staedtler,,papeterie,,pc,300,300,298,30,,,13266.jpg
crayon a papier tradition 110-4h,,papeterie,,pc,300,300,54,6,,,13267.jpg
double decimetre cristal 5x106,,papeterie,,pc,100,100,53152,5316,,,13270.jpg
pinceau aquarelle,,papeterie,,pc,200,200,224,23,,,13271.jpg
equerre cristal 45x1cm  146123,,papeterie,,pc,300,300,5,1,,,13272.jpg
equerre 10cm teinte 45,,papeterie,,pc,300,300,32,4,,,13273.jpg
equerre cristal 60 21cm  146122,,papeterie,,pc,300,300,68,7,,,13274.jpg
feuille a4 calque couleur 100grammes,,papeterie,,pc,300,300,142,15,,,13275.jpg
brosse scolaire,,papeterie,,pc,290,290,5,1,,,13278.jpg
double decimetre teinte,,papeterie,,pc,200,200,2,1,,,13280.jpg
brosse scolaire,,papeterie,,pc,240,240,20,2,,,13283.jpg
equerre 20cm 60,,papeterie,,pc,200,200,5,1,,,13286.jpg
rapporteur 180,,papeterie,,pc,190,190,9,1,,,13289.jpg
pince double clip 25mm,,papeterie,,pc,200,200,3,1,,,13295.jpg
gomme blanche carre,,papeterie,,pc,100,100,12,2,,,13296.jpg
equerre 13 cm en plastique graduee,,papeterie,,pc,200,200,79886,7989,,,13297.jpg
gomme blanche gm,,papeterie,,pc,100,100,1,1,,,13298.jpg
protege documents a4 40 vues 20 poches,,papeterie,,pc,1800,1800,95,10,,,13302.jpg
protege documents a4 80 vues 40 poches,,papeterie,,pc,2800,2800,4,1,,,13303.jpg
machine a relier 110 bing combbind,,papeterie,,pc,95700,95700,2,1,,,13308.jpg
bracelet caoutchouc 180x10x100g,,papeterie,,pc,850,850,2,1,,,13311.jpg
"lebon et vernay sp620 registre livre de transmission 15x1x29,7cm bleu",,papeterie,,pc,3500,3500,9,1,,,13315.jpg
registre courier arrivee,,papeterie,,pc,3500,3500,32,4,,,13316.jpg
poubelle a pedale plastique 40 litres 91979,,papeterie,,pc,58400,58400,2,1,,,13324.jpg
corbeille a papier 5x10 noir,,papeterie,,pc,15400,15400,1,1,,,13333.jpg
dossier suspendu armoire fond-15,,papeterie,,pc,2600,2600,351,36,,,13339.jpg
classeur a4 personnalisable 4 anneaux d 40 dos 65 blanc,,papeterie,,pc,3800,3800,9,1,,,13340.jpg
pochette coin a4 plastique incolore 75 microns,,papeterie,,pc,175,175,459,46,,,13341.jpg
pochette perforee a4 plastique incolore 75 microns,,papeterie,,pc,50,50,166,17,,,13342.jpg
classeur a4 personnalisable 4 anneaux d 40 dos 70 blanc,,papeterie,,pc,4300,4300,2,1,,,13343.jpg
classeur a4 personnalisable 4 anneaux d 25 dos 30,,papeterie,,pc,3200,3200,4,1,,,13344.jpg
protege documents a4 140 vues 70 poches,,papeterie,,pc,4200,4200,1963,197,,,13345.jpg
protege documents a4 120 vues 60 poches,,papeterie,,pc,3400,3400,13,2,,,13346.jpg
chemise a rabat elastique carton dos 40mm ass,,papeterie,,pc,3840,3840,29,3,,,13347.jpg
post-it number & signs pads,,papeterie,,pc,5000,5000,70,7,,,13348.jpg
cube mini feuille 50x50mm,,papeterie,,pc,1850,1850,55,6,,,13351.jpg
post-it notes flag on papercard 4x12.5x43mm,,papeterie,,pc,1500,1500,14,2,,,13352.jpg
post-it notes flag on papercard,,papeterie,,pc,2300,2300,76,8,,,13353.jpg
post-it notes index pet 25x43mm,,papeterie,,pc,900,900,487,49,,,13354.jpg
post-it z- notes devidoir notes dhesives 75x75mm jaune,,papeterie,,pc,3850,3850,153,16,,,13359.jpg
reliure plastique pour archives,,papeterie,,pc,250,250,884,89,,,13363.jpg
caisse pliante 8802 multicolore,,papeterie,,pc,10200,10200,1,1,,,13364.jpg
caisson avec 3 cloisons 8103,,papeterie,,pc,87300,87300,5,1,,,13366.jpg
classeur a4 personnalisable 4 anneaux d30 dos 50 blanc,,papeterie,,pc,3500,3500,47,5,,,13376.jpg
lot de 10 classeur 4 anneaux 25 mm personnalisable essentials dos de 40 mm blanc,,papeterie,,pc,3300,3300,103,11,,,13377.jpg
classeur a levier pvc s p dos 50mm rouge,,papeterie,,pc,2900,2900,125,13,,,13378.jpg
classeur a levier pvc s p dos 50mm jaune,,papeterie,,pc,2900,2900,165,17,,,13379.jpg
classeur a levier pvc s p dos 50mm bleu fonce,,papeterie,,pc,2900,2900,33,4,,,13380.jpg
classeur a levier pvc s p dos 50mm gris,,papeterie,,pc,2600,2600,139,14,,,13381.jpg
sous chemise 22x31 rose ax-educ,,papeterie,,pc,25,25,735,74,,,13382.jpg
sous chemise 22x31 couleur  assorti ax-educ,,papeterie,,pc,25,25,15733,1574,,,13383.jpg
baguette a relier 3mm cristal,,papeterie,,pc,150,150,4506,451,,,13388.jpg
exacompta serodo boite de 25 baguettes a relier manuelle 3 mm noir,,papeterie,,pc,150,150,4473,448,,,13389.jpg
distributeur aimant+ 50 attaches lettres couleur,,papeterie,,pc,1000,1000,13,2,,,13399.jpg
trombone 32mm couleur boite 100,,papeterie,,pc,300,300,50,5,,,13400.jpg
trombone 32mm galva boite 100,,papeterie,,pc,400,400,1,1,,,13401.jpg
rubafix 558700 toile adhesif mille 50 mm x 3 m - jaune,,papeterie,,pc,7500,7500,17,2,,,13403.jpg
rouleaux toile 38mmx3m rouge,,papeterie,,pc,4550,4550,9,1,,,13404.jpg
rubafix 5x2700 toile adhesif mille 38 mm x 3 m - jaune,,papeterie,,pc,4550,4550,8,1,,,13405.jpg
enveloppe bulle 114x162,,papeterie,,pc,20,20,6585,659,,,31977.jpg
chemise a rabat elastique cl 5x10 assortie,,papeterie,,pc,900,900,2,1,,,13407.jpg
carton a dessin 5x2x72,,papeterie,,pc,8550,8550,1,1,,,13408.jpg
protege documents a4 60 vues 30 poches,,papeterie,,pc,2500,2500,57,6,,,13409.jpg
trombone 25x100,,papeterie,,pc,300,300,299,30,,,13410.jpg
pot a crayon,,papeterie,,pc,1290,1290,1,1,,,13411.jpg
registre courier depart,,papeterie,,pc,3500,3500,42,5,,,13412.jpg
chemise a sangle vert clair toile 24x32,,papeterie,,pc,1800,1800,2104,211,,,13415.jpg
fiche scolaire assorties,,papeterie,,pc,170,170,872,88,,,13416.jpg
chemise 24x32 orange ax-educ,,papeterie,,pc,80,80,2950,295,,,13417.jpg
stylo bille vert ppu,,papeterie,,pc,50,50,5433,544,,,13418.jpg
business bag,,papeterie,,pc,200,200,6412,642,,,13422.jpg
chemise 24x32 bleu fonce jura 1,,papeterie,,pc,80,80,4,1,,,13428.jpg
bracelets caoutchouc n,,papeterie,,pc,600,600,772,78,,,13430.jpg
agrafes bb cu 1000 (boite rose)    ecureuil,,papeterie,,pc,350,350,4752,476,,,13431.jpg
sous chemise 22x31 bleu fonce,,papeterie,,pc,25,25,7,1,,,13437.jpg
manifold rec dep a4 5x2,,papeterie,,pc,4160,4160,2,1,,,13442.jpg
registre auxiliaire ( brouillard de caisse),,papeterie,,pc,9500,9500,10,1,,,13444.jpg
registre employeur 3eme fascicule gepe05,,papeterie,,pc,1880,1880,417,42,,,13445.jpg
registre employeur 2eme fascicule gepe04,,papeterie,,pc,5200,5200,200,20,,,13446.jpg
registre employeur 1er fascicule,,papeterie,,pc,1880,1880,153,16,,,13447.jpg
etiquette multi usages jaune 210x100,,papeterie,,pc,36200,36200,1,1,,,13451.jpg
etiquette multi usages jaune 105x148.5 pochettes 400,,papeterie,,pc,36200,36200,2,1,,,13452.jpg
etiquette pet dorees 210x10 feuilles,,papeterie,,pc,16800,16800,4,1,,,13456.jpg
etiquette plastifie 170x25x10feuilles,,papeterie,,pc,16500,16500,4,1,,,13457.jpg
etiquette multi usages 105x1400,,papeterie,,pc,15350,15350,18,2,,,13458.jpg
etiquette multi usages 210x100,,papeterie,,pc,17500,17500,2,1,,,13461.jpg
etiquette multi usages vert 210x20,,papeterie,,pc,9000,9000,2,1,,,13465.jpg
etiquette j l c coeur rose 20feuilles,,papeterie,,pc,9950,9950,2,1,,,13468.jpg
etiquette laser copieur rouge fluo 99.1x67.7 pochette,,papeterie,,pc,9550,9550,94,10,,,13469.jpg
etiquette dos classeur blanc 190x38 pochette 140,,papeterie,,pc,7500,7500,3,1,,,13472.jpg
boite classeur dos 40mm exabox assorti (carton),,papeterie,,pc,3500,3500,1,1,,,13473.jpg
etui a5x20 etiquettes blanc 48.5x25,,papeterie,,pc,2000,2000,8,1,,,13478.jpg
jeu intercalaire  alpha a-z cartes  20 positions,,papeterie,,pc,2500,2500,94,10,,,13479.jpg
jeu d'intercalaires a4  polypropylene 12 positions  15x2e,,papeterie,,pc,1800,1800,1,1,,,13481.jpg
jeu d'intercalaires  mensuel    47109x2 positions.,,papeterie,,pc,1590,1590,1,1,,,13482.jpg
jeud' intercalaires a4 12 positions carte lustre  1412e,,papeterie,,pc,950,950,39,4,,,31981.jpg
exacompta jeu d'intercalaires 12positions a4 carte lustree,,papeterie,,pc,1100,1100,188,19,,,13485.jpg
post-it tartan 76x127    12776 jaune,,papeterie,,pc,350,350,2492,250,,,13486.jpg
trombone  plastique triangle  tb003,,papeterie,,pc,850,850,2017,202,,,13490.jpg
post-it note 76x101 jaune 7734,,papeterie,,pc,400,400,39,4,,,31985.jpg
jeu d'intercalaires 17x22 .carton  6 positions 5x1,,papeterie,,pc,600,600,68,7,,,13494.jpg
classeur box translucide 4  grands tiroirs assortis,,papeterie,,pc,13000,13000,3,1,,,13501.jpg
agrafeuse bostich p3,,papeterie,,pc,25500,25500,8,1,,,13503.jpg
sous-main simple 40x60 noir    716200,,papeterie,,pc,17500,17500,1,1,,,13510.jpg
bloc faf,,papeterie,,pc,9500,9500,18,2,,,13511.jpg
classeur a4 person dos 95mm blanc,,papeterie,,pc,6500,6500,2,1,,,13529.jpg
chemise a tiret 24x32 orange 2142,,papeterie,,pc,5850,5850,1,1,,,13534.jpg
porte timbre 6 places  2108306,,papeterie,,pc,5550,5550,2,1,,,13536.jpg
classeur a4 person dos 50mm dos 75mm blanc,,papeterie,,pc,4500,4500,53,6,,,13537.jpg
classeur a4 person dos 60mm dos 90mm    blanc,,papeterie,,pc,4800,4800,52,6,,,13538.jpg
porte bloc rouge avec couverture,,papeterie,,pc,4950,4950,5,1,,,13540.jpg
classeur a4 dos 40mm chatons duo,,papeterie,,pc,4300,4300,24,3,,,13546.jpg
classeur a4 dos 40 supercars 594.73,,papeterie,,pc,4300,4300,19,2,,,13548.jpg
classeur a4 personnalisable 2 anneaux dos 60mm,,papeterie,,pc,4500,4500,256,26,,,13559.jpg
classeur a4 personnalisable dos 40 dos 65 bleu,,papeterie,,pc,3200,3200,2,1,,,13564.jpg
classeur a4 4 anneaux tweety 5x15x1,,papeterie,,pc,14800,14800,5,1,,,13570.jpg
boite de classeurement polypropylene couleur assortie dos 40mm,,papeterie,,pc,4200,4200,17,2,,,13578.jpg
fiche stock 12.5x100 fs2801,,papeterie,,pc,3790,3790,3,1,,,13586.jpg
porte timbre 12 places 2108312,,papeterie,,pc,3770,3770,35,4,,,13587.jpg
boite classeurement d40 scotten assortie,,papeterie,,pc,3750,3750,3,1,,,13588.jpg
classeur a4 personnalisable diametre 30mm dos 50mm  bleu,,papeterie,,pc,2850,2850,11,2,,,13590.jpg
classeur levier dos large avec perforateur jaune pvc 70mm,,papeterie,,pc,2500,2500,8,1,,,13597.jpg
classeur levier dos large avec perforateur orange pvc 70mm,,papeterie,,pc,2500,2500,2,1,,,13598.jpg
classeur levier dos large avec perforateur rouge pvc 70mm,,papeterie,,pc,2500,2500,1,1,,,13599.jpg
classeur levier dos large avec perforateur vert fonce  pvc 70mm,,papeterie,,pc,2500,2500,64,7,,,13600.jpg
classeur a4 personnalisable  diametre 30mm dos 50mm    blanc,,papeterie,,pc,3500,3500,1,1,,,13604.jpg
classeur a4 personnalisable 4 anneaux dos 30mm blanc,,papeterie,,pc,3500,3500,3,1,,,13605.jpg
boite classeur pvc pliable dos 100 mm rouge,,papeterie,,pc,3650,3650,10,1,,,13606.jpg
boite classeur pvc pliable dos 100 mm bleu,,papeterie,,pc,3250,3250,2,1,,,13607.jpg
boite classeur pvc pliable dos 100 mm vert,,papeterie,,pc,3500,3500,2,1,,,13608.jpg
agrafeuse eurodesk 100,,papeterie,,pc,3500,3500,1,1,,,13609.jpg
classeur a4 personnalisable diametre 30mm dos 50mm rouge,,papeterie,,pc,3150,3150,10,1,,,13610.jpg
cube 90x90x90  blanc   999,,papeterie,,pc,3500,3500,60,6,,,13612.jpg
classeur a4 personnalisable diametre 30mm dos 50mm    blanc,,papeterie,,pc,3500,3500,1,1,,,13616.jpg
porte carte de visite 180 pieces,,papeterie,,pc,3300,3300,40,4,,,13617.jpg
chemise ressort 24x32 bleu,,papeterie,,pc,3300,3300,884,89,,,13618.jpg
chemise ressort 24x32 rouge,,papeterie,,pc,3300,3300,1493,150,,,13619.jpg
chemise ressort 24x32 jaune,,papeterie,,pc,3300,3300,949,95,,,13620.jpg
etiquette blanc 26x16 rl1000,,papeterie,,pc,2000,2000,2516,252,,,13621.jpg
boite classeur pvc pliable 70mm gris 56008,,papeterie,,pc,3050,3050,1,1,,,13629.jpg
classeur levier dos large avec perforateur gris pvc 70mm,,papeterie,,pc,2500,2500,257,26,,,13630.jpg
caisse de rangement blanc bleu,,papeterie,,pc,2900,2900,503,51,,,13635.jpg
recharge tampon shiny noir s830,,papeterie,,pc,2800,2800,5,1,,,13636.jpg
recharge tampon s829 noir,,papeterie,,pc,2800,2800,4,1,,,13637.jpg
agraffes jacky 08 boite 5000,,papeterie,,pc,2800,2800,6,1,,,13638.jpg
dessin canson polypropylene 27x35 vive assorties pochettes,,papeterie,,pc,2800,2800,201,21,,,13639.jpg
recharge tampon shiny rouge s830,,papeterie,,pc,2800,2800,4,1,,,13640.jpg
classeur levier dos large sans perforateur blanc pvc 70mm,,papeterie,,pc,2000,2000,103,11,,,13644.jpg
classeur levier dos large sans perforateur vert fonce pvc 70mm,,papeterie,,pc,2000,2000,2,1,,,13645.jpg
porte bloc intense assorti  177573,,papeterie,,pc,2600,2600,3,1,,,13648.jpg
chemise dossier clip a4 blanc transparent,,papeterie,,pc,2500,2500,163,17,,,13652.jpg
chemise dossier clip a4 noir lucido,,papeterie,,pc,2500,2500,841,85,,,13653.jpg
classeur levier dos large sans perforateur gris carton,,papeterie,,pc,2000,2000,1,1,,,13654.jpg
boite de classeurement pvc pliable dos 70mm rouge 56003,,papeterie,,pc,2800,2800,31,4,,,13662.jpg
bloc direction a4 100 feuilles quadrillage 5,,papeterie,,pc,1850,1850,54,6,,,13665.jpg
pochette perforateur a3 plastique incolore horizontale,,papeterie,,pc,1850,1850,1,1,,,13667.jpg
cartobox vert dos 30mm 185,,papeterie,,pc,3250,3250,17,2,,,13668.jpg
ouvre lettre 215mm lame acier,,papeterie,,pc,1700,1700,2,1,,,13669.jpg
chemise rabat elastique + etiquettes 24x32 couleurs  assorties  4 10 polypropylene,,papeterie,,pc,900,900,1,1,,,13670.jpg
chemise a sangle jaune toile  24x32,,papeterie,,pc,1800,1800,24,3,,,13671.jpg
chemise a sangle gris toile 24x32,,papeterie,,pc,1550,1550,90,9,,,13674.jpg
chemise a sangle fuchsia bordeaux 24x32,,papeterie,,pc,1800,1800,118,12,,,13675.jpg
chemise a sangle vert fonce toile 24x32,,papeterie,,pc,1800,1800,335,34,,,13678.jpg
cartobox gris,,papeterie,,pc,4400,4400,30,3,,,13680.jpg
cartobox ivoire,,papeterie,,pc,4200,4200,283,29,,,13681.jpg
classeur a plat pvc vert,,papeterie,,pc,5000,5000,5,1,,,13682.jpg
fiche planning individuelle 3 rouge l'etui,,papeterie,,pc,1500,1500,1,1,,,13683.jpg
bloc direction a4 ( bloc faco),,papeterie,,pc,1200,1200,75,8,,,13690.jpg
bloc direction a4 ( sotefi),,papeterie,,pc,1250,1250,15,2,,,13691.jpg
bloc telephone 10x100 feuilles,,papeterie,,pc,1010,1010,14,2,,,13696.jpg
chemise present pince a4 blanc  56377,,papeterie,,pc,1010,1010,2824,283,,,13698.jpg
dossiers suspendus tiroir f-15x207,,papeterie,,pc,850,850,44,5,,,13699.jpg
chemise dossier clip a4 assortie,,papeterie,,pc,1000,1000,4765,477,,,13700.jpg
post-it note 75x25 couleur assortie,,papeterie,,pc,700,700,2035,204,,,13701.jpg
dossier suspendu armoire f-15x114,,papeterie,,pc,500,500,1831,184,,,13704.jpg
badge plastique b7-z001 vertical,,papeterie,,pc,900,900,23184,2319,,,13705.jpg
badge plastique b7-z001 horizontal,,papeterie,,pc,900,900,24106,2411,,,13706.jpg
dossier suspendu tiroir f-v     kraft orange 10x202,,papeterie,,pc,850,850,123,13,,,13708.jpg
bloc cube multicolore 9x9  bcm9x9,,papeterie,,pc,2500,2500,18,2,,,13709.jpg
chemise rabat elastique+etiquette vert     caraibes,,papeterie,,pc,750,750,150,15,,,13712.jpg
chemise rabat elastique+etiquette rouge    classeurique,,papeterie,,pc,750,750,240,24,,,13713.jpg
chemise rabat elastique couleur 5x10 assorties 55500e,,papeterie,,pc,800,800,79,8,,,13714.jpg
chemise presentation pince a4 vert,,papeterie,,pc,750,750,2913,292,,,13715.jpg
badge plastique t-015v,,papeterie,,pc,700,700,21531,2154,,,13717.jpg
boite archive 25x10cm,,papeterie,,pc,680,680,90,9,,,13718.jpg
boite archive 27x28,,papeterie,,pc,700,700,3286,329,,,13719.jpg
livret scolaire,,papeterie,,pc,650,650,42,5,,,13720.jpg
chemise rabat elastique+etiquette vert,,papeterie,,pc,650,650,314,32,,,31984.jpg
chemise rabat elastique+etiquette orange,,papeterie,,pc,650,650,141,15,,,13722.jpg
chemise rabat elastique+etiquette turquoise,,papeterie,,pc,650,650,244,25,,,13723.jpg
chemise rabat elastique+etiquette rouge,,papeterie,,pc,650,650,426,43,,,13724.jpg
chemise rabat elastique+etiquette vert fonce,,papeterie,,pc,650,650,131,14,,,13725.jpg
chemise present lamelle assortie  polypropylene,,papeterie,,pc,600,600,1652,166,,,13727.jpg
badge plastique t-014v vertical,,papeterie,,pc,500,500,21452,2146,,,13728.jpg
chemise present lamelle lilas polypropylene,,papeterie,,pc,450,450,10,1,,,13736.jpg
post-it notes jaune 75x75,,papeterie,,pc,250,250,20,2,,,13739.jpg
chemise 24x32 fuchsia bahia 210x20e,,papeterie,,pc,175,175,306,31,,,13740.jpg
chemise 24x32 cardinal bahia      210012e,,papeterie,,pc,175,175,112,12,,,13741.jpg
chemise 24x32 orange jura 1 340007e,,papeterie,,pc,80,80,72531,7254,,,13744.jpg
chemise  24x32 jaune jura 1 340005e,,papeterie,,pc,80,80,2,1,,,13746.jpg
sous-chemise 22x31 orange ax-educ,,papeterie,,pc,30,30,1556,156,,,13757.jpg
sous-chemise 22x31 jaune ax-educ,,papeterie,,pc,25,25,26,3,,,13758.jpg
chemise 24x32 jaune 180grs,,papeterie,,pc,100,100,280,28,,,13761.jpg
chemise 24x32 rouge 180grs,,papeterie,,pc,100,100,43,5,,,13762.jpg
chemise 24x32 bleu clair 180grs,,papeterie,,pc,100,100,34609,3461,,,13763.jpg
pochette plastique a4 zip 3c,,papeterie,,pc,250,250,1529,153,,,13765.jpg
"etiquette blanc jet d'encre - laser - copy 70,0x35,0",,papeterie,,pc,4850,4850,10,1,,,13776.jpg
pochette coin a4 incolore 110 microns,,papeterie,,pc,150,150,2131,214,,,13787.jpg
chemise 24x32 assorties pap,,papeterie,,pc,80,80,6671,668,,,13799.jpg
chemise present lamelle rouge polypropylene,,papeterie,,pc,450,450,23,3,,,13802.jpg
chemise presentation lamelle bleu fonce  polypropylene,,papeterie,,pc,450,450,49,5,,,13803.jpg
sous-chemise 22x31 blanc bahia,,papeterie,,pc,100,100,320,32,,,13804.jpg
trieur a cavalier 26 compartiments alphabetique noir,,papeterie,,pc,39750,39750,128,13,,,13810.jpg
trieur a cavalier 26 compartiments alphabetique rouge,,papeterie,,pc,39750,39750,48,5,,,13811.jpg
trieur a cavalier 26 compartiments alphabetique bleu,,papeterie,,pc,39750,39750,66,7,,,13812.jpg
trieur a cavalier 31 compartiments numerique noir,,papeterie,,pc,45500,45500,83,9,,,13813.jpg
bloc leitz 5 tiroirs,,papeterie,,pc,77000,77000,1,1,,,13816.jpg
cahier de recherche a4 spiral 220p,,papeterie,,pc,1000,1000,1,1,,,13821.jpg
cahier pique 17x22 32p violet 90g seyes polypro,,papeterie,,pc,450,450,241,25,,,13825.jpg
cahier pique 17x22 32p rouge 90g seyes polypro,,papeterie,,pc,450,450,130,13,,,13826.jpg
cahier pique 17x22 32p orange 90g seyes polypro,,papeterie,,pc,450,450,171,18,,,13827.jpg
cahier pique 17x22 32p jaune 90g seyes polypro,,papeterie,,pc,450,450,199,20,,,13828.jpg
cahier pique 17x22 32p vert 90g seyes polypro,,papeterie,,pc,450,450,273,28,,,13829.jpg
cahier pique 17x22 32p bleu 90g seyes polypro,,papeterie,,pc,350,350,5,1,,,13830.jpg
cahier pique 17x22 48p bleu 90g seyes polypro,,papeterie,,pc,500,500,196,20,,,13837.jpg
cahier de dessin pique 17x22 32p 90g 8000 polypro uni,,papeterie,,pc,500,500,44,5,,,13840.jpg
bloc steno a4 uni,,papeterie,,pc,1600,1600,302,31,,,13841.jpg
rouleaux cadeau metrallise 5x2,,papeterie,,pc,46750,46750,1,1,,,13842.jpg
feuille mobile a4 100 pages vert seyes,,papeterie,,pc,1400,1400,100,10,,,13845.jpg
feuille mobile a4 100 pages bleu seyes,,papeterie,,pc,1400,1400,19,2,,,13846.jpg
cahier pique 24x32 140p incolore 4 index 8000 polypro seyes,,papeterie,,pc,2800,2800,40,4,,,13847.jpg
cahier pique a4 96p incolore 3 index 8000 polypro seyes,,papeterie,,pc,2500,2500,139,14,,,13848.jpg
